{"m_GameObject":{"m_FileID":0,"m_PathID":-6641300947359425323},"m_Enabled":1,"m_Script":{"m_FileID":0,"m_PathID":-8769737722289236995},"m_Name":"","AttackDetail":{"Visible":0,"ExecTimeForPrefab":[{"data":{"Time":0.3,"DamageNumType":0,"Weight":1,"DamageNumScale":1}}],"ExecTimeCombo":[],"ActionId":0,"ActionEffectList":[]},"UseDefaultDelay":1,"Attack":{"IsPrincessForm":0,"PrincessSkillMovieDataList":[],"ActionParametersOnPrefab":[{"data":{"Visible":1,"ActionType":0,"Details":[{"data":{"Visible":1,"ExecTimeForPrefab":[{"data":{"Time":0,"DamageNumType":0,"Weight":1,"DamageNumScale":1}}],"ExecTimeCombo":[],"ActionId":0,"ActionEffectList":[]}}],"KnockAnimationCurve":{"m_Curve":[],"m_PreInfinity":2,"m_PostInfinity":2,"m_RotationOrder":4},"KnockDownAnimationCurve":{"m_Curve":[],"m_PreInfinity":2,"m_PostInfinity":2,"m_RotationOrder":4},"EffectType":0}}],"SkillEffects":[],"ShakeEffects":[],"BlurEffects":[],"ZoomEffect":{"Enable":0,"ConsiderScreenSize":1,"StartDelay":0,"StartDuration":0.15,"Duration":1.55,"EndDuration":0.1,"To":0.9,"ZoomTarget":0,"OffsetY":0,"OffsetX":0,"UseYBottom":0,"ZoomEffectList":[],"StartEasingType":2,"EndEasingType":2,"BoneName":""},"SlowEffect":{"Enable":0,"StartDelay":0,"StartDuration":0,"Duration":1.55,"EndDuration":0.1,"To":0.9},"ForcePlayNoTarget":0,"ParameterTarget":0,"ChangeSortDatas":[],"ScaleChangers":[],"DisableOtherCharaOnStart":0,"BlackOutTime":0,"BlackoutEndWithMotion":0,"ForceComboDamage":0,"BlackoutColor":{"r":0,"g":0,"b":0,"a":0.9607843},"CutInMovieFadeStartTime":1.9,"CutInMovieFadeDurationTime":0.1,"CutInSkipTime":0,"ForceCutinOff":0,"SkillMotionType":0,"TrackDamageNum":1,"PauseStopState":0,"BranchIds":[{"data":0}],"SpeedUpWithCutinVoice":{"Voice1List":[],"Voice2List":[]},"SpeedUpNoCutinVoice":{"Voice1List":[],"Voice2List":[]},"NormalWithCutinVoice":{"Voice1List":[],"Voice2List":[]},"NormalNoCutinVoice":{"Voice1List":[],"Voice2List":[]},"OverrideSkillList":[]},"UnionBurstList":[{"data":{"IsPrincessForm":0,"PrincessSkillMovieDataList":[],"ActionParametersOnPrefab":[{"data":{"Visible":1,"ActionType":1,"Details":[{"data":{"Visible":1,"ExecTimeForPrefab":[],"ExecTimeCombo":[{"data":{"StartTime":3.4000000000000004,"OffsetTime":0.08000000000000002,"Weight":1,"Count":5,"InterporationType":0,"Curve":{"m_Curve":[],"m_PreInfinity":2,"m_PostInfinity":2,"m_RotationOrder":4}}}],"ActionId":120800104,"ActionEffectList":[]}},{"data":{"Visible":0,"ExecTimeForPrefab":[],"ExecTimeCombo":[],"ActionId":0,"ActionEffectList":[]}}],"KnockAnimationCurve":{"m_Curve":[],"m_PreInfinity":2,"m_PostInfinity":2,"m_RotationOrder":4},"KnockDownAnimationCurve":{"m_Curve":[],"m_PreInfinity":2,"m_PostInfinity":2,"m_RotationOrder":4},"EffectType":0}},{"data":{"Visible":1,"ActionType":10,"Details":[{"data":{"Visible":1,"ExecTimeForPrefab":[{"data":{"Time":1.25,"DamageNumType":0,"Weight":1,"DamageNumScale":1}}],"ExecTimeCombo":[],"ActionId":120800101,"ActionEffectList":[]}},{"data":{"Visible":1,"ExecTimeForPrefab":[{"data":{"Time":1.25,"DamageNumType":0,"Weight":1,"DamageNumScale":1}}],"ExecTimeCombo":[],"ActionId":120800102,"ActionEffectList":[]}},{"data":{"Visible":0,"ExecTimeForPrefab":[{"data":{"Time":4.8,"DamageNumType":0,"Weight":1,"DamageNumScale":1}}],"ExecTimeCombo":[],"ActionId":118500103,"ActionEffectList":[]}},{"data":{"Visible":0,"ExecTimeForPrefab":[{"data":{"Time":4.8,"DamageNumType":0,"Weight":1,"DamageNumScale":1}}],"ExecTimeCombo":[],"ActionId":118500104,"ActionEffectList":[]}},{"data":{"Visible":0,"ExecTimeForPrefab":[],"ExecTimeCombo":[],"ActionId":0,"ActionEffectList":[]}}],"KnockAnimationCurve":{"m_Curve":[],"m_PreInfinity":2,"m_PostInfinity":2,"m_RotationOrder":4},"KnockDownAnimationCurve":{"m_Curve":[],"m_PreInfinity":2,"m_PostInfinity":2,"m_RotationOrder":4},"EffectType":0}},{"data":{"Visible":0,"ActionType":6,"Details":[{"data":{"Visible":0,"ExecTimeForPrefab":[{"data":{"Time":4.8,"DamageNumType":0,"Weight":1,"DamageNumScale":1}}],"ExecTimeCombo":[],"ActionId":118500105,"ActionEffectList":[]}},{"data":{"Visible":0,"ExecTimeForPrefab":[],"ExecTimeCombo":[],"ActionId":0,"ActionEffectList":[]}}],"KnockAnimationCurve":{"m_Curve":[],"m_PreInfinity":2,"m_PostInfinity":2,"m_RotationOrder":4},"KnockDownAnimationCurve":{"m_Curve":[],"m_PreInfinity":2,"m_PostInfinity":2,"m_RotationOrder":4},"EffectType":0}},{"data":{"Visible":0,"ActionType":7,"Details":[{"data":{"Visible":0,"ExecTimeForPrefab":[],"ExecTimeCombo":[],"ActionId":0,"ActionEffectList":[]}},{"data":{"Visible":0,"ExecTimeForPrefab":[],"ExecTimeCombo":[],"ActionId":0,"ActionEffectList":[]}}],"KnockAnimationCurve":{"m_Curve":[],"m_PreInfinity":2,"m_PostInfinity":2,"m_RotationOrder":4},"KnockDownAnimationCurve":{"m_Curve":[],"m_PreInfinity":2,"m_PostInfinity":2,"m_RotationOrder":4},"EffectType":0}},{"data":{"Visible":1,"ActionType":26,"Details":[{"data":{"Visible":1,"ExecTimeForPrefab":[{"data":{"Time":1.25,"DamageNumType":0,"Weight":1,"DamageNumScale":1}}],"ExecTimeCombo":[],"ActionId":120800103,"ActionEffectList":[]}},{"data":{"Visible":0,"ExecTimeForPrefab":[],"ExecTimeCombo":[],"ActionId":0,"ActionEffectList":[]}}],"KnockAnimationCurve":{"m_Curve":[],"m_PreInfinity":2,"m_PostInfinity":2,"m_RotationOrder":4},"KnockDownAnimationCurve":{"m_Curve":[],"m_PreInfinity":2,"m_PostInfinity":2,"m_RotationOrder":4},"EffectType":0}}],"SkillEffects":[{"data":{"Prefab":{"m_FileID":1,"m_PathID":3039692535557752911},"PrefabLeft":{"m_FileID":1,"m_PathID":-8462979738726380054},"ExecTime":[{"data":0}],"IsReaction":0,"FireArmEndEffects":[],"TargetActionIsReflexive":0,"TargetActionIndex":0,"TargetActionId":0,"FireActionId":-1,"TargetMotionIndex":0,"EffectBehavior":0,"EffectTarget":0,"TargetBone":0,"FireArmEndTarget":1,"FireArmEndTargetBone":0,"TrackType":0,"TrackDimension":0,"TargetBoneName":"","TrackRotation":0,"DestroyOnEnemyDead":0,"CenterY":0,"DeltaY":0,"TrackTarget":0,"Height":0,"IsAbsoluteFireArm":0,"AbsoluteFireDistance":0,"ShakeEffects":[],"TargetBranchId":0,"PlayWithCutIn":1}},{"data":{"Prefab":{"m_FileID":1,"m_PathID":6088787797175829842},"PrefabLeft":{"m_FileID":1,"m_PathID":-6685860640923694360},"ExecTime":[{"data":2.6}],"IsReaction":0,"FireArmEndEffects":[],"TargetActionIsReflexive":0,"TargetActionIndex":0,"TargetActionId":0,"FireActionId":-1,"TargetMotionIndex":0,"EffectBehavior":0,"EffectTarget":0,"TargetBone":0,"FireArmEndTarget":1,"FireArmEndTargetBone":0,"TrackType":0,"TrackDimension":0,"TargetBoneName":"","TrackRotation":0,"DestroyOnEnemyDead":0,"CenterY":0,"DeltaY":0,"TrackTarget":0,"Height":0,"IsAbsoluteFireArm":0,"AbsoluteFireDistance":0,"ShakeEffects":[],"TargetBranchId":0,"PlayWithCutIn":1}},{"data":{"Prefab":{"m_FileID":1,"m_PathID":29366236149016596},"PrefabLeft":{"m_FileID":1,"m_PathID":-1936384730453299577},"ExecTime":[{"data":3.05}],"IsReaction":0,"FireArmEndEffects":[],"TargetActionIsReflexive":0,"TargetActionIndex":0,"TargetActionId":0,"FireActionId":-1,"TargetMotionIndex":0,"EffectBehavior":0,"EffectTarget":0,"TargetBone":0,"FireArmEndTarget":1,"FireArmEndTargetBone":0,"TrackType":0,"TrackDimension":0,"TargetBoneName":"","TrackRotation":0,"DestroyOnEnemyDead":0,"CenterY":0,"DeltaY":0,"TrackTarget":0,"Height":0,"IsAbsoluteFireArm":0,"AbsoluteFireDistance":0,"ShakeEffects":[],"TargetBranchId":0,"PlayWithCutIn":1}},{"data":{"Prefab":{"m_FileID":1,"m_PathID":8317937958319992816},"PrefabLeft":{"m_FileID":1,"m_PathID":1171754554201996777},"ExecTime":[{"data":0.2}],"IsReaction":0,"FireArmEndEffects":[],"TargetActionIsReflexive":0,"TargetActionIndex":0,"TargetActionId":0,"FireActionId":-1,"TargetMotionIndex":0,"EffectBehavior":0,"EffectTarget":0,"TargetBone":4,"FireArmEndTarget":1,"FireArmEndTargetBone":0,"TrackType":0,"TrackDimension":0,"TargetBoneName":"Ex0001","TrackRotation":1,"DestroyOnEnemyDead":0,"CenterY":0,"DeltaY":0,"TrackTarget":0,"Height":0,"IsAbsoluteFireArm":0,"AbsoluteFireDistance":0,"ShakeEffects":[],"TargetBranchId":0,"PlayWithCutIn":1}},{"data":{"Prefab":{"m_FileID":1,"m_PathID":521375565304272073},"PrefabLeft":{"m_FileID":1,"m_PathID":-841830741096723526},"ExecTime":[{"data":1.3}],"IsReaction":0,"FireArmEndEffects":[],"TargetActionIsReflexive":0,"TargetActionIndex":0,"TargetActionId":0,"FireActionId":-1,"TargetMotionIndex":0,"EffectBehavior":0,"EffectTarget":0,"TargetBone":0,"FireArmEndTarget":1,"FireArmEndTargetBone":0,"TrackType":0,"TrackDimension":0,"TargetBoneName":"","TrackRotation":0,"DestroyOnEnemyDead":0,"CenterY":0,"DeltaY":0,"TrackTarget":0,"Height":0,"IsAbsoluteFireArm":0,"AbsoluteFireDistance":0,"ShakeEffects":[],"TargetBranchId":0,"PlayWithCutIn":1}},{"data":{"Prefab":{"m_FileID":1,"m_PathID":3509920938257959379},"PrefabLeft":{"m_FileID":1,"m_PathID":-2973697921905880978},"ExecTime":[{"data":3.15}],"IsReaction":0,"FireArmEndEffects":[],"TargetActionIsReflexive":0,"TargetActionIndex":0,"TargetActionId":0,"FireActionId":-1,"TargetMotionIndex":0,"EffectBehavior":0,"EffectTarget":0,"TargetBone":0,"FireArmEndTarget":1,"FireArmEndTargetBone":0,"TrackType":0,"TrackDimension":0,"TargetBoneName":"","TrackRotation":0,"DestroyOnEnemyDead":0,"CenterY":0,"DeltaY":0,"TrackTarget":0,"Height":0,"IsAbsoluteFireArm":0,"AbsoluteFireDistance":0,"ShakeEffects":[],"TargetBranchId":0,"PlayWithCutIn":1}},{"data":{"Prefab":{"m_FileID":1,"m_PathID":-5455617057004303474},"PrefabLeft":{"m_FileID":1,"m_PathID":-9111473043477399931},"ExecTime":[{"data":4.5}],"IsReaction":0,"FireArmEndEffects":[],"TargetActionIsReflexive":0,"TargetActionIndex":0,"TargetActionId":0,"FireActionId":-1,"TargetMotionIndex":0,"EffectBehavior":0,"EffectTarget":0,"TargetBone":0,"FireArmEndTarget":1,"FireArmEndTargetBone":0,"TrackType":0,"TrackDimension":0,"TargetBoneName":"","TrackRotation":0,"DestroyOnEnemyDead":0,"CenterY":0,"DeltaY":0,"TrackTarget":0,"Height":0,"IsAbsoluteFireArm":0,"AbsoluteFireDistance":0,"ShakeEffects":[],"TargetBranchId":0,"PlayWithCutIn":1}},{"data":{"Prefab":{"m_FileID":1,"m_PathID":7783060421340423743},"PrefabLeft":{"m_FileID":1,"m_PathID":7783060421340423743},"ExecTime":[{"data":0}],"IsReaction":0,"FireArmEndEffects":[],"TargetActionIsReflexive":0,"TargetActionIndex":0,"TargetActionId":0,"FireActionId":-1,"TargetMotionIndex":0,"EffectBehavior":0,"EffectTarget":4,"TargetBone":0,"FireArmEndTarget":1,"FireArmEndTargetBone":0,"TrackType":0,"TrackDimension":0,"TargetBoneName":"","TrackRotation":0,"DestroyOnEnemyDead":0,"CenterY":0,"DeltaY":0,"TrackTarget":0,"Height":0,"IsAbsoluteFireArm":0,"AbsoluteFireDistance":0,"ShakeEffects":[],"TargetBranchId":0,"PlayWithCutIn":1}},{"data":{"Prefab":{"m_FileID":1,"m_PathID":-645797470717837672},"PrefabLeft":{"m_FileID":1,"m_PathID":-645797470717837672},"ExecTime":[{"data":3.2}],"IsReaction":0,"FireArmEndEffects":[],"TargetActionIsReflexive":0,"TargetActionIndex":0,"TargetActionId":0,"FireActionId":-1,"TargetMotionIndex":0,"EffectBehavior":0,"EffectTarget":4,"TargetBone":0,"FireArmEndTarget":1,"FireArmEndTargetBone":0,"TrackType":0,"TrackDimension":0,"TargetBoneName":"","TrackRotation":0,"DestroyOnEnemyDead":0,"CenterY":0,"DeltaY":0,"TrackTarget":0,"Height":0,"IsAbsoluteFireArm":0,"AbsoluteFireDistance":0,"ShakeEffects":[],"TargetBranchId":0,"PlayWithCutIn":1}},{"data":{"Prefab":{"m_FileID":1,"m_PathID":1116732644254843038},"PrefabLeft":{"m_FileID":1,"m_PathID":1116732644254843038},"ExecTime":[{"data":3.5}],"IsReaction":0,"FireArmEndEffects":[],"TargetActionIsReflexive":0,"TargetActionIndex":0,"TargetActionId":0,"FireActionId":-1,"TargetMotionIndex":0,"EffectBehavior":0,"EffectTarget":0,"TargetBone":0,"FireArmEndTarget":1,"FireArmEndTargetBone":0,"TrackType":0,"TrackDimension":0,"TargetBoneName":"","TrackRotation":0,"DestroyOnEnemyDead":0,"CenterY":0,"DeltaY":0,"TrackTarget":0,"Height":0,"IsAbsoluteFireArm":0,"AbsoluteFireDistance":0,"ShakeEffects":[],"TargetBranchId":0,"PlayWithCutIn":1}}],"ShakeEffects":[{"data":{"ShakeType":0,"StartTime":3.25,"Duration":0.5,"TargetMotion":0,"StartAmplitude":0.1,"EndAmplitude":0.020000000000000004,"StartFrequency":20,"EndFrequency":10,"Rotation":90}}],"BlurEffects":[{"data":{"StartTime":2.3000000000000003,"Value":0.6,"StartDuration":0.05,"Duration":0.4,"EndDuration":0}},{"data":{"StartTime":0,"Value":0.05,"StartDuration":0.1,"Duration":1,"EndDuration":0.3}}],"ZoomEffect":{"Enable":1,"ConsiderScreenSize":0,"StartDelay":0,"StartDuration":0,"Duration":0,"EndDuration":0,"To":0.85,"ZoomTarget":0,"OffsetY":0.3,"OffsetX":0.8,"UseYBottom":0,"ZoomEffectList":[{"data":{"StartDuration":1.5,"Duration":0,"To":0.6,"OffsetX":-0.65,"OffsetY":0,"ZoomTarget":0,"StartEasingType":3,"UseYBottom":0,"BoneName":""}},{"data":{"StartDuration":1,"Duration":0,"To":0.57,"OffsetX":-0.67,"OffsetY":0,"ZoomTarget":0,"StartEasingType":2,"UseYBottom":0,"BoneName":""}},{"data":{"StartDuration":0.2,"Duration":0,"To":0.45,"OffsetX":-0.9,"OffsetY":0,"ZoomTarget":0,"StartEasingType":2,"UseYBottom":0,"BoneName":""}},{"data":{"StartDuration":0,"Duration":1,"To":0.95,"OffsetX":-0.2,"OffsetY":0,"ZoomTarget":0,"StartEasingType":2,"UseYBottom":0,"BoneName":""}},{"data":{"StartDuration":0.83,"Duration":0,"To":1,"OffsetX":-0.2,"OffsetY":0,"ZoomTarget":0,"StartEasingType":2,"UseYBottom":0,"BoneName":""}}],"StartEasingType":2,"EndEasingType":2,"BoneName":""},"SlowEffect":{"Enable":1,"StartDelay":3.7,"StartDuration":0.2,"Duration":0.8,"EndDuration":0.2,"To":0.5},"ForcePlayNoTarget":0,"ParameterTarget":0,"ChangeSortDatas":[{"data":{"SortType":0,"Time":0}}],"ScaleChangers":[],"DisableOtherCharaOnStart":0,"BlackOutTime":4.55,"BlackoutEndWithMotion":0,"ForceComboDamage":0,"BlackoutColor":{"r":0,"g":0,"b":0,"a":0.9607843},"CutInMovieFadeStartTime":2.23,"CutInMovieFadeDurationTime":0.05,"CutInSkipTime":0,"ForceCutinOff":0,"SkillMotionType":0,"TrackDamageNum":1,"PauseStopState":0,"BranchIds":[{"data":0}],"SpeedUpWithCutinVoice":{"Voice1List":[],"Voice2List":[]},"SpeedUpNoCutinVoice":{"Voice1List":[],"Voice2List":[]},"NormalWithCutinVoice":{"Voice1List":[],"Voice2List":[]},"NormalNoCutinVoice":{"Voice1List":[],"Voice2List":[]},"OverrideSkillList":[]}}],"MainSkillList":[{"data":{"IsPrincessForm":0,"PrincessSkillMovieDataList":[],"ActionParametersOnPrefab":[{"data":{"Visible":1,"ActionType":1,"Details":[{"data":{"Visible":1,"ExecTimeForPrefab":[{"data":{"Time":1.4000000000000001,"DamageNumType":0,"Weight":1,"DamageNumScale":1}},{"data":{"Time":1.6,"DamageNumType":0,"Weight":1,"DamageNumScale":1}},{"data":{"Time":1.7999999999999998,"DamageNumType":0,"Weight":1,"DamageNumScale":1}},{"data":{"Time":2,"DamageNumType":0,"Weight":1,"DamageNumScale":1}}],"ExecTimeCombo":[],"ActionId":120800202,"ActionEffectList":[]}},{"data":{"Visible":1,"ExecTimeForPrefab":[{"data":{"Time":1.4000000000000001,"DamageNumType":0,"Weight":1,"DamageNumScale":1}},{"data":{"Time":1.6,"DamageNumType":0,"Weight":1,"DamageNumScale":1}},{"data":{"Time":1.7999999999999998,"DamageNumType":0,"Weight":1,"DamageNumScale":1}},{"data":{"Time":2,"DamageNumType":0,"Weight":1,"DamageNumScale":1}}],"ExecTimeCombo":[],"ActionId":120800203,"ActionEffectList":[]}},{"data":{"Visible":0,"ExecTimeForPrefab":[],"ExecTimeCombo":[],"ActionId":0,"ActionEffectList":[]}}],"KnockAnimationCurve":{"m_Curve":[],"m_PreInfinity":2,"m_PostInfinity":2,"m_RotationOrder":4},"KnockDownAnimationCurve":{"m_Curve":[],"m_PreInfinity":2,"m_PostInfinity":2,"m_RotationOrder":4},"EffectType":0}},{"data":{"Visible":0,"ActionType":16,"Details":[{"data":{"Visible":0,"ExecTimeForPrefab":[],"ExecTimeCombo":[],"ActionId":0,"ActionEffectList":[]}},{"data":{"Visible":0,"ExecTimeForPrefab":[],"ExecTimeCombo":[],"ActionId":0,"ActionEffectList":[]}},{"data":{"Visible":0,"ExecTimeForPrefab":[],"ExecTimeCombo":[],"ActionId":0,"ActionEffectList":[]}}],"KnockAnimationCurve":{"m_Curve":[],"m_PreInfinity":2,"m_PostInfinity":2,"m_RotationOrder":4},"KnockDownAnimationCurve":{"m_Curve":[],"m_PreInfinity":2,"m_PostInfinity":2,"m_RotationOrder":4},"EffectType":0}},{"data":{"Visible":1,"ActionType":10,"Details":[{"data":{"Visible":1,"ExecTimeForPrefab":[{"data":{"Time":2.23,"DamageNumType":0,"Weight":1,"DamageNumScale":1}}],"ExecTimeCombo":[],"ActionId":120800205,"ActionEffectList":[]}},{"data":{"Visible":0,"ExecTimeForPrefab":[{"data":{"Time":1.5,"DamageNumType":0,"Weight":1,"DamageNumScale":1}}],"ExecTimeCombo":[],"ActionId":118500202,"ActionEffectList":[]}},{"data":{"Visible":0,"ExecTimeForPrefab":[],"ExecTimeCombo":[],"ActionId":0,"ActionEffectList":[]}}],"KnockAnimationCurve":{"m_Curve":[],"m_PreInfinity":2,"m_PostInfinity":2,"m_RotationOrder":4},"KnockDownAnimationCurve":{"m_Curve":[],"m_PreInfinity":2,"m_PostInfinity":2,"m_RotationOrder":4},"EffectType":0}},{"data":{"Visible":0,"ActionType":83,"Details":[{"data":{"Visible":0,"ExecTimeForPrefab":[{"data":{"Time":1.5,"DamageNumType":0,"Weight":1,"DamageNumScale":1}}],"ExecTimeCombo":[],"ActionId":118500203,"ActionEffectList":[]}},{"data":{"Visible":0,"ExecTimeForPrefab":[],"ExecTimeCombo":[],"ActionId":0,"ActionEffectList":[]}}],"KnockAnimationCurve":{"m_Curve":[],"m_PreInfinity":2,"m_PostInfinity":2,"m_RotationOrder":4},"KnockDownAnimationCurve":{"m_Curve":[],"m_PreInfinity":2,"m_PostInfinity":2,"m_RotationOrder":4},"EffectType":0}},{"data":{"Visible":1,"ActionType":35,"Details":[{"data":{"Visible":1,"ExecTimeForPrefab":[{"data":{"Time":1.35,"DamageNumType":0,"Weight":1,"DamageNumScale":1}}],"ExecTimeCombo":[],"ActionId":120800206,"ActionEffectList":[]}},{"data":{"Visible":0,"ExecTimeForPrefab":[],"ExecTimeCombo":[],"ActionId":0,"ActionEffectList":[]}}],"KnockAnimationCurve":{"m_Curve":[],"m_PreInfinity":2,"m_PostInfinity":2,"m_RotationOrder":4},"KnockDownAnimationCurve":{"m_Curve":[],"m_PreInfinity":2,"m_PostInfinity":2,"m_RotationOrder":4},"EffectType":0}},{"data":{"Visible":0,"ActionType":9,"Details":[{"data":{"Visible":0,"ExecTimeForPrefab":[],"ExecTimeCombo":[],"ActionId":0,"ActionEffectList":[]}},{"data":{"Visible":0,"ExecTimeForPrefab":[],"ExecTimeCombo":[],"ActionId":0,"ActionEffectList":[]}}],"KnockAnimationCurve":{"m_Curve":[],"m_PreInfinity":2,"m_PostInfinity":2,"m_RotationOrder":4},"KnockDownAnimationCurve":{"m_Curve":[],"m_PreInfinity":2,"m_PostInfinity":2,"m_RotationOrder":4},"EffectType":0}},{"data":{"Visible":0,"ActionType":60,"Details":[{"data":{"Visible":0,"ExecTimeForPrefab":[{"data":{"Time":0,"DamageNumType":0,"Weight":1,"DamageNumScale":1}}],"ExecTimeCombo":[],"ActionId":119500201,"ActionEffectList":[]}},{"data":{"Visible":0,"ExecTimeForPrefab":[],"ExecTimeCombo":[],"ActionId":0,"ActionEffectList":[]}}],"KnockAnimationCurve":{"m_Curve":[],"m_PreInfinity":2,"m_PostInfinity":2,"m_RotationOrder":4},"KnockDownAnimationCurve":{"m_Curve":[],"m_PreInfinity":2,"m_PostInfinity":2,"m_RotationOrder":4},"EffectType":0}},{"data":{"Visible":1,"ActionType":28,"Details":[{"data":{"Visible":1,"ExecTimeForPrefab":[{"data":{"Time":1.3,"DamageNumType":0,"Weight":1,"DamageNumScale":1}}],"ExecTimeCombo":[],"ActionId":120800201,"ActionEffectList":[]}},{"data":{"Visible":1,"ExecTimeForPrefab":[{"data":{"Time":1.3,"DamageNumType":0,"Weight":1,"DamageNumScale":1}}],"ExecTimeCombo":[],"ActionId":120800204,"ActionEffectList":[]}},{"data":{"Visible":0,"ExecTimeForPrefab":[],"ExecTimeCombo":[],"ActionId":0,"ActionEffectList":[]}}],"KnockAnimationCurve":{"m_Curve":[],"m_PreInfinity":2,"m_PostInfinity":2,"m_RotationOrder":4},"KnockDownAnimationCurve":{"m_Curve":[],"m_PreInfinity":2,"m_PostInfinity":2,"m_RotationOrder":4},"EffectType":0}}],"SkillEffects":[{"data":{"Prefab":{"m_FileID":1,"m_PathID":7459689550266581764},"PrefabLeft":{"m_FileID":1,"m_PathID":760352790455322114},"ExecTime":[{"data":1.2}],"IsReaction":0,"FireArmEndEffects":[],"TargetActionIsReflexive":0,"TargetActionIndex":0,"TargetActionId":119500205,"FireActionId":-1,"TargetMotionIndex":0,"EffectBehavior":0,"EffectTarget":2,"TargetBone":0,"FireArmEndTarget":1,"FireArmEndTargetBone":0,"TrackType":0,"TrackDimension":0,"TargetBoneName":"","TrackRotation":0,"DestroyOnEnemyDead":0,"CenterY":0,"DeltaY":0,"TrackTarget":0,"Height":0,"IsAbsoluteFireArm":0,"AbsoluteFireDistance":0,"ShakeEffects":[],"TargetBranchId":0,"PlayWithCutIn":0}},{"data":{"Prefab":{"m_FileID":1,"m_PathID":-6141654864673727434},"PrefabLeft":{"m_FileID":1,"m_PathID":-5404747594886369149},"ExecTime":[{"data":0.2}],"IsReaction":0,"FireArmEndEffects":[],"TargetActionIsReflexive":0,"TargetActionIndex":0,"TargetActionId":0,"FireActionId":-1,"TargetMotionIndex":0,"EffectBehavior":0,"EffectTarget":0,"TargetBone":0,"FireArmEndTarget":1,"FireArmEndTargetBone":0,"TrackType":0,"TrackDimension":0,"TargetBoneName":"","TrackRotation":0,"DestroyOnEnemyDead":0,"CenterY":0,"DeltaY":0,"TrackTarget":0,"Height":0,"IsAbsoluteFireArm":0,"AbsoluteFireDistance":0,"ShakeEffects":[],"TargetBranchId":0,"PlayWithCutIn":0}},{"data":{"Prefab":{"m_FileID":1,"m_PathID":6781207963434892677},"PrefabLeft":{"m_FileID":1,"m_PathID":-7310530593373965654},"ExecTime":[{"data":1.2}],"IsReaction":0,"FireArmEndEffects":[],"TargetActionIsReflexive":0,"TargetActionIndex":0,"TargetActionId":119500204,"FireActionId":-1,"TargetMotionIndex":0,"EffectBehavior":0,"EffectTarget":0,"TargetBone":0,"FireArmEndTarget":1,"FireArmEndTargetBone":0,"TrackType":0,"TrackDimension":0,"TargetBoneName":"","TrackRotation":0,"DestroyOnEnemyDead":0,"CenterY":0,"DeltaY":0,"TrackTarget":0,"Height":0,"IsAbsoluteFireArm":0,"AbsoluteFireDistance":0,"ShakeEffects":[],"TargetBranchId":0,"PlayWithCutIn":0}},{"data":{"Prefab":{"m_FileID":1,"m_PathID":982495582325491462},"PrefabLeft":{"m_FileID":1,"m_PathID":-8677153151491708660},"ExecTime":[{"data":0.9}],"IsReaction":0,"FireArmEndEffects":[],"TargetActionIsReflexive":0,"TargetActionIndex":0,"TargetActionId":0,"FireActionId":-1,"TargetMotionIndex":0,"EffectBehavior":0,"EffectTarget":0,"TargetBone":0,"FireArmEndTarget":1,"FireArmEndTargetBone":0,"TrackType":0,"TrackDimension":0,"TargetBoneName":"","TrackRotation":0,"DestroyOnEnemyDead":0,"CenterY":0,"DeltaY":0,"TrackTarget":0,"Height":0,"IsAbsoluteFireArm":0,"AbsoluteFireDistance":0,"ShakeEffects":[],"TargetBranchId":0,"PlayWithCutIn":0}},{"data":{"Prefab":{"m_FileID":1,"m_PathID":8103433280210133411},"PrefabLeft":{"m_FileID":1,"m_PathID":-4868190928347353850},"ExecTime":[{"data":2.3000000000000003}],"IsReaction":0,"FireArmEndEffects":[],"TargetActionIsReflexive":0,"TargetActionIndex":0,"TargetActionId":0,"FireActionId":-1,"TargetMotionIndex":0,"EffectBehavior":0,"EffectTarget":0,"TargetBone":0,"FireArmEndTarget":1,"FireArmEndTargetBone":0,"TrackType":0,"TrackDimension":0,"TargetBoneName":"","TrackRotation":0,"DestroyOnEnemyDead":0,"CenterY":0,"DeltaY":0,"TrackTarget":0,"Height":0,"IsAbsoluteFireArm":0,"AbsoluteFireDistance":0,"ShakeEffects":[],"TargetBranchId":0,"PlayWithCutIn":0}}],"ShakeEffects":[{"data":{"ShakeType":0,"StartTime":1.27,"Duration":0.22,"TargetMotion":0,"StartAmplitude":0.01,"EndAmplitude":0.01,"StartFrequency":10,"EndFrequency":10,"Rotation":90}},{"data":{"ShakeType":0,"StartTime":1.3800000000000001,"Duration":0.2,"TargetMotion":0,"StartAmplitude":0.01,"EndAmplitude":0.01,"StartFrequency":10,"EndFrequency":10,"Rotation":90}},{"data":{"ShakeType":0,"StartTime":1.52,"Duration":0.2,"TargetMotion":0,"StartAmplitude":0.01,"EndAmplitude":0.01,"StartFrequency":10,"EndFrequency":10,"Rotation":90}},{"data":{"ShakeType":0,"StartTime":1.6400000000000001,"Duration":0.2,"TargetMotion":0,"StartAmplitude":0.01,"EndAmplitude":0.01,"StartFrequency":10,"EndFrequency":10,"Rotation":90}},{"data":{"ShakeType":0,"StartTime":1.7599999999999998,"Duration":0.2,"TargetMotion":0,"StartAmplitude":0.01,"EndAmplitude":0.01,"StartFrequency":10,"EndFrequency":10,"Rotation":90}},{"data":{"ShakeType":0,"StartTime":1.94,"Duration":0.22,"TargetMotion":0,"StartAmplitude":0.01,"EndAmplitude":0.01,"StartFrequency":10,"EndFrequency":10,"Rotation":90}},{"data":{"ShakeType":0,"StartTime":2.09,"Duration":0.33,"TargetMotion":0,"StartAmplitude":0.01,"EndAmplitude":0.01,"StartFrequency":10,"EndFrequency":10,"Rotation":90}}],"BlurEffects":[],"ZoomEffect":{"Enable":0,"ConsiderScreenSize":1,"StartDelay":0,"StartDuration":0.15,"Duration":1.55,"EndDuration":0.1,"To":0.9,"ZoomTarget":0,"OffsetY":0,"OffsetX":0,"UseYBottom":0,"ZoomEffectList":[],"StartEasingType":2,"EndEasingType":2,"BoneName":""},"SlowEffect":{"Enable":0,"StartDelay":0,"StartDuration":0,"Duration":1.55,"EndDuration":0.1,"To":0.9},"ForcePlayNoTarget":0,"ParameterTarget":0,"ChangeSortDatas":[],"ScaleChangers":[],"DisableOtherCharaOnStart":0,"BlackOutTime":0,"BlackoutEndWithMotion":0,"ForceComboDamage":0,"BlackoutColor":{"r":0,"g":0,"b":0,"a":0.9607843},"CutInMovieFadeStartTime":1.9,"CutInMovieFadeDurationTime":0.1,"CutInSkipTime":0,"ForceCutinOff":0,"SkillMotionType":0,"TrackDamageNum":1,"PauseStopState":0,"BranchIds":[{"data":1},{"data":2}],"SpeedUpWithCutinVoice":{"Voice1List":[],"Voice2List":[]},"SpeedUpNoCutinVoice":{"Voice1List":[],"Voice2List":[]},"NormalWithCutinVoice":{"Voice1List":[],"Voice2List":[]},"NormalNoCutinVoice":{"Voice1List":[],"Voice2List":[]},"OverrideSkillList":[]}},{"data":{"IsPrincessForm":0,"PrincessSkillMovieDataList":[],"ActionParametersOnPrefab":[{"data":{"Visible":0,"ActionType":16,"Details":[{"data":{"Visible":0,"ExecTimeForPrefab":[{"data":{"Time":0,"DamageNumType":0,"Weight":1,"DamageNumScale":1}}],"ExecTimeCombo":[],"ActionId":0,"ActionEffectList":[]}},{"data":{"Visible":0,"ExecTimeForPrefab":[],"ExecTimeCombo":[],"ActionId":0,"ActionEffectList":[]}}],"KnockAnimationCurve":{"m_Curve":[],"m_PreInfinity":2,"m_PostInfinity":2,"m_RotationOrder":4},"KnockDownAnimationCurve":{"m_Curve":[],"m_PreInfinity":2,"m_PostInfinity":2,"m_RotationOrder":4},"EffectType":0}},{"data":{"Visible":1,"ActionType":10,"Details":[{"data":{"Visible":1,"ExecTimeForPrefab":[{"data":{"Time":1.5,"DamageNumType":0,"Weight":1,"DamageNumScale":1}}],"ExecTimeCombo":[],"ActionId":120800303,"ActionEffectList":[]}},{"data":{"Visible":0,"ExecTimeForPrefab":[{"data":{"Time":1.7000000000000002,"DamageNumType":0,"Weight":1,"DamageNumScale":1}}],"ExecTimeCombo":[],"ActionId":116900302,"ActionEffectList":[]}},{"data":{"Visible":0,"ExecTimeForPrefab":[{"data":{"Time":1.7000000000000002,"DamageNumType":0,"Weight":1,"DamageNumScale":1}}],"ExecTimeCombo":[],"ActionId":116900303,"ActionEffectList":[]}},{"data":{"Visible":0,"ExecTimeForPrefab":[],"ExecTimeCombo":[],"ActionId":0,"ActionEffectList":[]}}],"KnockAnimationCurve":{"m_Curve":[],"m_PreInfinity":2,"m_PostInfinity":2,"m_RotationOrder":4},"KnockDownAnimationCurve":{"m_Curve":[],"m_PreInfinity":2,"m_PostInfinity":2,"m_RotationOrder":4},"EffectType":0}},{"data":{"Visible":1,"ActionType":1,"Details":[{"data":{"Visible":1,"ExecTimeForPrefab":[{"data":{"Time":1.05,"DamageNumType":0,"Weight":1,"DamageNumScale":1}},{"data":{"Time":1.1500000000000001,"DamageNumType":0,"Weight":1,"DamageNumScale":1}},{"data":{"Time":1.25,"DamageNumType":0,"Weight":1,"DamageNumScale":1}}],"ExecTimeCombo":[],"ActionId":120800302,"ActionEffectList":[]}},{"data":{"Visible":0,"ExecTimeForPrefab":[],"ExecTimeCombo":[],"ActionId":0,"ActionEffectList":[]}}],"KnockAnimationCurve":{"m_Curve":[],"m_PreInfinity":2,"m_PostInfinity":2,"m_RotationOrder":4},"KnockDownAnimationCurve":{"m_Curve":[],"m_PreInfinity":2,"m_PostInfinity":2,"m_RotationOrder":4},"EffectType":0}},{"data":{"Visible":0,"ActionType":57,"Details":[{"data":{"Visible":0,"ExecTimeForPrefab":[{"data":{"Time":1.2,"DamageNumType":0,"Weight":1,"DamageNumScale":1}}],"ExecTimeCombo":[],"ActionId":118500301,"ActionEffectList":[]}},{"data":{"Visible":0,"ExecTimeForPrefab":[],"ExecTimeCombo":[],"ActionId":0,"ActionEffectList":[]}}],"KnockAnimationCurve":{"m_Curve":[],"m_PreInfinity":2,"m_PostInfinity":2,"m_RotationOrder":4},"KnockDownAnimationCurve":{"m_Curve":[],"m_PreInfinity":2,"m_PostInfinity":2,"m_RotationOrder":4},"EffectType":0}},{"data":{"Visible":0,"ActionType":3,"Details":[{"data":{"Visible":0,"ExecTimeForPrefab":[{"data":{"Time":4.699999999999999,"DamageNumType":0,"Weight":1,"DamageNumScale":1}}],"ExecTimeCombo":[],"ActionId":118500302,"ActionEffectList":[]}},{"data":{"Visible":0,"ExecTimeForPrefab":[],"ExecTimeCombo":[],"ActionId":0,"ActionEffectList":[]}}],"KnockAnimationCurve":{"m_Curve":[{"data":{"time":0,"value":0,"inSlope":2,"outSlope":2,"weightedMode":0,"inWeight":0,"outWeight":0}},{"data":{"time":1,"value":1,"inSlope":0,"outSlope":0,"weightedMode":0,"inWeight":0,"outWeight":0}}],"m_PreInfinity":2,"m_PostInfinity":2,"m_RotationOrder":4},"KnockDownAnimationCurve":{"m_Curve":[{"data":{"time":0,"value":1,"inSlope":0,"outSlope":0,"weightedMode":0,"inWeight":0,"outWeight":0}},{"data":{"time":1,"value":1,"inSlope":0,"outSlope":0,"weightedMode":0,"inWeight":0,"outWeight":0}}],"m_PreInfinity":2,"m_PostInfinity":2,"m_RotationOrder":4},"EffectType":0}},{"data":{"Visible":0,"ActionType":8,"Details":[{"data":{"Visible":0,"ExecTimeForPrefab":[],"ExecTimeCombo":[],"ActionId":0,"ActionEffectList":[]}},{"data":{"Visible":0,"ExecTimeForPrefab":[],"ExecTimeCombo":[],"ActionId":0,"ActionEffectList":[]}}],"KnockAnimationCurve":{"m_Curve":[],"m_PreInfinity":2,"m_PostInfinity":2,"m_RotationOrder":4},"KnockDownAnimationCurve":{"m_Curve":[],"m_PreInfinity":2,"m_PostInfinity":2,"m_RotationOrder":4},"EffectType":0}},{"data":{"Visible":1,"ActionType":26,"Details":[{"data":{"Visible":1,"ExecTimeForPrefab":[{"data":{"Time":1,"DamageNumType":0,"Weight":1,"DamageNumScale":1}}],"ExecTimeCombo":[],"ActionId":120800301,"ActionEffectList":[]}},{"data":{"Visible":0,"ExecTimeForPrefab":[],"ExecTimeCombo":[],"ActionId":0,"ActionEffectList":[]}}],"KnockAnimationCurve":{"m_Curve":[],"m_PreInfinity":2,"m_PostInfinity":2,"m_RotationOrder":4},"KnockDownAnimationCurve":{"m_Curve":[],"m_PreInfinity":2,"m_PostInfinity":2,"m_RotationOrder":4},"EffectType":0}}],"SkillEffects":[{"data":{"Prefab":{"m_FileID":1,"m_PathID":1901078317759932021},"PrefabLeft":{"m_FileID":1,"m_PathID":-1484361764442380412},"ExecTime":[{"data":0.8}],"IsReaction":0,"FireArmEndEffects":[],"TargetActionIsReflexive":0,"TargetActionIndex":0,"TargetActionId":0,"FireActionId":-1,"TargetMotionIndex":0,"EffectBehavior":0,"EffectTarget":0,"TargetBone":0,"FireArmEndTarget":1,"FireArmEndTargetBone":0,"TrackType":0,"TrackDimension":0,"TargetBoneName":"","TrackRotation":0,"DestroyOnEnemyDead":0,"CenterY":0,"DeltaY":0,"TrackTarget":0,"Height":0,"IsAbsoluteFireArm":0,"AbsoluteFireDistance":0,"ShakeEffects":[],"TargetBranchId":0,"PlayWithCutIn":0}},{"data":{"Prefab":{"m_FileID":1,"m_PathID":4995074791359619289},"PrefabLeft":{"m_FileID":1,"m_PathID":2810517424400923482},"ExecTime":[{"data":0.84}],"IsReaction":0,"FireArmEndEffects":[],"TargetActionIsReflexive":0,"TargetActionIndex":0,"TargetActionId":0,"FireActionId":-1,"TargetMotionIndex":0,"EffectBehavior":0,"EffectTarget":0,"TargetBone":0,"FireArmEndTarget":1,"FireArmEndTargetBone":0,"TrackType":0,"TrackDimension":0,"TargetBoneName":"","TrackRotation":0,"DestroyOnEnemyDead":0,"CenterY":0,"DeltaY":0,"TrackTarget":0,"Height":0,"IsAbsoluteFireArm":0,"AbsoluteFireDistance":0,"ShakeEffects":[],"TargetBranchId":0,"PlayWithCutIn":0}}],"ShakeEffects":[{"data":{"ShakeType":0,"StartTime":1,"Duration":0.3,"TargetMotion":0,"StartAmplitude":0.01,"EndAmplitude":0.01,"StartFrequency":10,"EndFrequency":10,"Rotation":90}}],"BlurEffects":[],"ZoomEffect":{"Enable":0,"ConsiderScreenSize":1,"StartDelay":0,"StartDuration":0.15,"Duration":1.55,"EndDuration":0.1,"To":0.9,"ZoomTarget":0,"OffsetY":0,"OffsetX":0,"UseYBottom":0,"ZoomEffectList":[],"StartEasingType":2,"EndEasingType":2,"BoneName":""},"SlowEffect":{"Enable":0,"StartDelay":0,"StartDuration":0,"Duration":1.55,"EndDuration":0.1,"To":0.9},"ForcePlayNoTarget":0,"ParameterTarget":0,"ChangeSortDatas":[],"ScaleChangers":[],"DisableOtherCharaOnStart":0,"BlackOutTime":0,"BlackoutEndWithMotion":0,"ForceComboDamage":0,"BlackoutColor":{"r":0,"g":0,"b":0,"a":0.9607843},"CutInMovieFadeStartTime":1.9,"CutInMovieFadeDurationTime":0.1,"CutInSkipTime":0,"ForceCutinOff":0,"SkillMotionType":0,"TrackDamageNum":1,"PauseStopState":0,"BranchIds":[],"SpeedUpWithCutinVoice":{"Voice1List":[],"Voice2List":[]},"SpeedUpNoCutinVoice":{"Voice1List":[],"Voice2List":[]},"NormalWithCutinVoice":{"Voice1List":[],"Voice2List":[]},"NormalNoCutinVoice":{"Voice1List":[],"Voice2List":[]},"OverrideSkillList":[]}}],"SpecialSkillList":[{"data":{"IsPrincessForm":0,"PrincessSkillMovieDataList":[],"ActionParametersOnPrefab":[{"data":{"Visible":1,"ActionType":10,"Details":[{"data":{"Visible":1,"ExecTimeForPrefab":[{"data":{"Time":2.23,"DamageNumType":0,"Weight":1,"DamageNumScale":1}}],"ExecTimeCombo":[],"ActionId":120810103,"ActionEffectList":[]}},{"data":{"Visible":0,"ExecTimeForPrefab":[{"data":{"Time":0.5,"DamageNumType":0,"Weight":1,"DamageNumScale":1}}],"ExecTimeCombo":[],"ActionId":118510102,"ActionEffectList":[]}},{"data":{"Visible":0,"ExecTimeForPrefab":[{"data":{"Time":0.5,"DamageNumType":0,"Weight":1,"DamageNumScale":1}}],"ExecTimeCombo":[],"ActionId":118510103,"ActionEffectList":[]}},{"data":{"Visible":0,"ExecTimeForPrefab":[{"data":{"Time":0.5,"DamageNumType":0,"Weight":1,"DamageNumScale":1}}],"ExecTimeCombo":[],"ActionId":118510104,"ActionEffectList":[]}},{"data":{"Visible":0,"ExecTimeForPrefab":[],"ExecTimeCombo":[],"ActionId":0,"ActionEffectList":[]}}],"KnockAnimationCurve":{"m_Curve":[],"m_PreInfinity":2,"m_PostInfinity":2,"m_RotationOrder":4},"KnockDownAnimationCurve":{"m_Curve":[],"m_PreInfinity":2,"m_PostInfinity":2,"m_RotationOrder":4},"EffectType":0}},{"data":{"Visible":1,"ActionType":60,"Details":[{"data":{"Visible":1,"ExecTimeForPrefab":[{"data":{"Time":1,"DamageNumType":0,"Weight":1,"DamageNumScale":1}}],"ExecTimeCombo":[],"ActionId":120810101,"ActionEffectList":[]}},{"data":{"Visible":0,"ExecTimeForPrefab":[],"ExecTimeCombo":[],"ActionId":0,"ActionEffectList":[]}}],"KnockAnimationCurve":{"m_Curve":[],"m_PreInfinity":2,"m_PostInfinity":2,"m_RotationOrder":4},"KnockDownAnimationCurve":{"m_Curve":[],"m_PreInfinity":2,"m_PostInfinity":2,"m_RotationOrder":4},"EffectType":0}},{"data":{"Visible":1,"ActionType":1,"Details":[{"data":{"Visible":1,"ExecTimeForPrefab":[{"data":{"Time":1.4000000000000001,"DamageNumType":0,"Weight":1,"DamageNumScale":1}},{"data":{"Time":1.6,"DamageNumType":0,"Weight":1,"DamageNumScale":1}},{"data":{"Time":1.7999999999999998,"DamageNumType":0,"Weight":1,"DamageNumScale":1}},{"data":{"Time":2,"DamageNumType":0,"Weight":1,"DamageNumScale":1}}],"ExecTimeCombo":[],"ActionId":120810102,"ActionEffectList":[]}},{"data":{"Visible":0,"ExecTimeForPrefab":[],"ExecTimeCombo":[],"ActionId":0,"ActionEffectList":[]}}],"KnockAnimationCurve":{"m_Curve":[],"m_PreInfinity":2,"m_PostInfinity":2,"m_RotationOrder":4},"KnockDownAnimationCurve":{"m_Curve":[],"m_PreInfinity":2,"m_PostInfinity":2,"m_RotationOrder":4},"EffectType":0}},{"data":{"Visible":1,"ActionType":35,"Details":[{"data":{"Visible":1,"ExecTimeForPrefab":[{"data":{"Time":1,"DamageNumType":0,"Weight":1,"DamageNumScale":1}}],"ExecTimeCombo":[],"ActionId":120810104,"ActionEffectList":[]}},{"data":{"Visible":0,"ExecTimeForPrefab":[],"ExecTimeCombo":[],"ActionId":0,"ActionEffectList":[]}}],"KnockAnimationCurve":{"m_Curve":[],"m_PreInfinity":2,"m_PostInfinity":2,"m_RotationOrder":4},"KnockDownAnimationCurve":{"m_Curve":[],"m_PreInfinity":2,"m_PostInfinity":2,"m_RotationOrder":4},"EffectType":0}}],"SkillEffects":[{"data":{"Prefab":{"m_FileID":1,"m_PathID":7459689550266581764},"PrefabLeft":{"m_FileID":1,"m_PathID":760352790455322114},"ExecTime":[{"data":1.2}],"IsReaction":0,"FireArmEndEffects":[],"TargetActionIsReflexive":0,"TargetActionIndex":0,"TargetActionId":0,"FireActionId":-1,"TargetMotionIndex":0,"EffectBehavior":0,"EffectTarget":0,"TargetBone":0,"FireArmEndTarget":1,"FireArmEndTargetBone":0,"TrackType":0,"TrackDimension":0,"TargetBoneName":"","TrackRotation":0,"DestroyOnEnemyDead":0,"CenterY":0,"DeltaY":0,"TrackTarget":0,"Height":0,"IsAbsoluteFireArm":0,"AbsoluteFireDistance":0,"ShakeEffects":[],"TargetBranchId":0,"PlayWithCutIn":0}},{"data":{"Prefab":{"m_FileID":1,"m_PathID":-6141654864673727434},"PrefabLeft":{"m_FileID":1,"m_PathID":-5404747594886369149},"ExecTime":[{"data":0.2}],"IsReaction":0,"FireArmEndEffects":[],"TargetActionIsReflexive":0,"TargetActionIndex":0,"TargetActionId":0,"FireActionId":-1,"TargetMotionIndex":0,"EffectBehavior":0,"EffectTarget":0,"TargetBone":0,"FireArmEndTarget":1,"FireArmEndTargetBone":0,"TrackType":0,"TrackDimension":0,"TargetBoneName":"","TrackRotation":0,"DestroyOnEnemyDead":0,"CenterY":0,"DeltaY":0,"TrackTarget":0,"Height":0,"IsAbsoluteFireArm":0,"AbsoluteFireDistance":0,"ShakeEffects":[],"TargetBranchId":0,"PlayWithCutIn":0}},{"data":{"Prefab":{"m_FileID":1,"m_PathID":6781207963434892677},"PrefabLeft":{"m_FileID":1,"m_PathID":-7310530593373965654},"ExecTime":[{"data":1.2}],"IsReaction":0,"FireArmEndEffects":[],"TargetActionIsReflexive":0,"TargetActionIndex":0,"TargetActionId":0,"FireActionId":-1,"TargetMotionIndex":0,"EffectBehavior":0,"EffectTarget":0,"TargetBone":0,"FireArmEndTarget":1,"FireArmEndTargetBone":0,"TrackType":0,"TrackDimension":0,"TargetBoneName":"","TrackRotation":0,"DestroyOnEnemyDead":0,"CenterY":0,"DeltaY":0,"TrackTarget":0,"Height":0,"IsAbsoluteFireArm":0,"AbsoluteFireDistance":0,"ShakeEffects":[],"TargetBranchId":0,"PlayWithCutIn":0}},{"data":{"Prefab":{"m_FileID":1,"m_PathID":982495582325491462},"PrefabLeft":{"m_FileID":1,"m_PathID":-8677153151491708660},"ExecTime":[{"data":0.9}],"IsReaction":0,"FireArmEndEffects":[],"TargetActionIsReflexive":0,"TargetActionIndex":0,"TargetActionId":0,"FireActionId":-1,"TargetMotionIndex":0,"EffectBehavior":0,"EffectTarget":0,"TargetBone":0,"FireArmEndTarget":1,"FireArmEndTargetBone":0,"TrackType":0,"TrackDimension":0,"TargetBoneName":"","TrackRotation":0,"DestroyOnEnemyDead":0,"CenterY":0,"DeltaY":0,"TrackTarget":0,"Height":0,"IsAbsoluteFireArm":0,"AbsoluteFireDistance":0,"ShakeEffects":[],"TargetBranchId":0,"PlayWithCutIn":0}},{"data":{"Prefab":{"m_FileID":1,"m_PathID":8103433280210133411},"PrefabLeft":{"m_FileID":1,"m_PathID":-4868190928347353850},"ExecTime":[{"data":2.3000000000000003}],"IsReaction":0,"FireArmEndEffects":[],"TargetActionIsReflexive":0,"TargetActionIndex":0,"TargetActionId":0,"FireActionId":-1,"TargetMotionIndex":0,"EffectBehavior":0,"EffectTarget":0,"TargetBone":0,"FireArmEndTarget":1,"FireArmEndTargetBone":0,"TrackType":0,"TrackDimension":0,"TargetBoneName":"","TrackRotation":0,"DestroyOnEnemyDead":0,"CenterY":0,"DeltaY":0,"TrackTarget":0,"Height":0,"IsAbsoluteFireArm":0,"AbsoluteFireDistance":0,"ShakeEffects":[],"TargetBranchId":0,"PlayWithCutIn":0}}],"ShakeEffects":[{"data":{"ShakeType":0,"StartTime":1.27,"Duration":0.22,"TargetMotion":0,"StartAmplitude":0.01,"EndAmplitude":0.01,"StartFrequency":10,"EndFrequency":10,"Rotation":90}},{"data":{"ShakeType":0,"StartTime":1.3800000000000001,"Duration":0.2,"TargetMotion":0,"StartAmplitude":0.01,"EndAmplitude":0.01,"StartFrequency":10,"EndFrequency":10,"Rotation":90}},{"data":{"ShakeType":0,"StartTime":1.52,"Duration":0.2,"TargetMotion":0,"StartAmplitude":0.01,"EndAmplitude":0.01,"StartFrequency":10,"EndFrequency":10,"Rotation":90}},{"data":{"ShakeType":0,"StartTime":1.6400000000000001,"Duration":0.2,"TargetMotion":0,"StartAmplitude":0.01,"EndAmplitude":0.01,"StartFrequency":10,"EndFrequency":10,"Rotation":90}},{"data":{"ShakeType":0,"StartTime":1.7599999999999998,"Duration":0.2,"TargetMotion":0,"StartAmplitude":0.01,"EndAmplitude":0.01,"StartFrequency":10,"EndFrequency":10,"Rotation":90}},{"data":{"ShakeType":0,"StartTime":1.94,"Duration":0.22,"TargetMotion":0,"StartAmplitude":0.01,"EndAmplitude":0.01,"StartFrequency":10,"EndFrequency":10,"Rotation":90}},{"data":{"ShakeType":0,"StartTime":2.09,"Duration":0.33,"TargetMotion":0,"StartAmplitude":0.01,"EndAmplitude":0.01,"StartFrequency":10,"EndFrequency":10,"Rotation":90}}],"BlurEffects":[],"ZoomEffect":{"Enable":0,"ConsiderScreenSize":1,"StartDelay":0,"StartDuration":0.15,"Duration":1.55,"EndDuration":0.1,"To":0.9,"ZoomTarget":0,"OffsetY":0,"OffsetX":0,"UseYBottom":0,"ZoomEffectList":[],"StartEasingType":2,"EndEasingType":2,"BoneName":""},"SlowEffect":{"Enable":0,"StartDelay":0,"StartDuration":0,"Duration":1.55,"EndDuration":0.1,"To":0.9},"ForcePlayNoTarget":0,"ParameterTarget":0,"ChangeSortDatas":[],"ScaleChangers":[],"DisableOtherCharaOnStart":0,"BlackOutTime":0,"BlackoutEndWithMotion":0,"ForceComboDamage":0,"BlackoutColor":{"r":0,"g":0,"b":0,"a":0.9607843},"CutInMovieFadeStartTime":1.9,"CutInMovieFadeDurationTime":0.1,"CutInSkipTime":0,"ForceCutinOff":0,"SkillMotionType":0,"TrackDamageNum":1,"PauseStopState":0,"BranchIds":[],"SpeedUpWithCutinVoice":{"Voice1List":[],"Voice2List":[]},"SpeedUpNoCutinVoice":{"Voice1List":[],"Voice2List":[]},"NormalWithCutinVoice":{"Voice1List":[],"Voice2List":[]},"NormalNoCutinVoice":{"Voice1List":[],"Voice2List":[]},"OverrideSkillList":[]}}],"SpecialSkillEvolutionList":[],"UnionBurstEvolutionList":[],"MainSkillEvolutionList":[],"SubUnionBurstList":[],"Annihilation":{"IsPrincessForm":0,"PrincessSkillMovieDataList":[],"ActionParametersOnPrefab":[],"SkillEffects":[],"ShakeEffects":[],"BlurEffects":[],"ZoomEffect":{"Enable":0,"ConsiderScreenSize":1,"StartDelay":0,"StartDuration":0.15,"Duration":1.55,"EndDuration":0.1,"To":0.9,"ZoomTarget":0,"OffsetY":0,"OffsetX":0,"UseYBottom":0,"ZoomEffectList":[],"StartEasingType":2,"EndEasingType":2,"BoneName":""},"SlowEffect":{"Enable":0,"StartDelay":0,"StartDuration":0,"Duration":1.55,"EndDuration":0.1,"To":0.9},"ForcePlayNoTarget":0,"ParameterTarget":0,"ChangeSortDatas":[],"ScaleChangers":[],"DisableOtherCharaOnStart":0,"BlackOutTime":0,"BlackoutEndWithMotion":0,"ForceComboDamage":0,"BlackoutColor":{"r":0,"g":0,"b":0,"a":0.9607843},"CutInMovieFadeStartTime":1.9,"CutInMovieFadeDurationTime":0.1,"CutInSkipTime":0,"ForceCutinOff":0,"SkillMotionType":0,"TrackDamageNum":1,"PauseStopState":0,"BranchIds":[],"SpeedUpWithCutinVoice":{"Voice1List":[],"Voice2List":[]},"SpeedUpNoCutinVoice":{"Voice1List":[],"Voice2List":[]},"NormalWithCutinVoice":{"Voice1List":[],"Voice2List":[]},"NormalNoCutinVoice":{"Voice1List":[],"Voice2List":[]},"OverrideSkillList":[]}}