{"m_GameObject":{"m_FileID":0,"m_PathID":-8220528729713274810},"m_Enabled":1,"m_Script":{"m_FileID":0,"m_PathID":-8769737722289236995},"m_Name":"","AttackDetail":{"Visible":0,"ExecTimeForPrefab":[{"data":{"Time":0.65,"DamageNumType":0,"Weight":1,"DamageNumScale":1}}],"ExecTimeCombo":[],"ActionId":0,"ActionEffectList":[]},"UseDefaultDelay":1,"Attack":{"IsPrincessForm":0,"PrincessSkillMovieDataList":[],"ActionParametersOnPrefab":[],"SkillEffects":[{"data":{"Prefab":{"m_FileID":1,"m_PathID":-3460245111463675166},"PrefabLeft":{"m_FileID":1,"m_PathID":-6880294167364626879},"ExecTime":[{"data":0.6}],"IsReaction":0,"FireArmEndEffects":[],"TargetActionIsReflexive":0,"TargetActionIndex":0,"TargetActionId":0,"FireActionId":-1,"TargetMotionIndex":0,"EffectBehavior":0,"EffectTarget":0,"TargetBone":0,"FireArmEndTarget":1,"FireArmEndTargetBone":0,"TrackType":0,"TrackDimension":0,"TargetBoneName":"","TrackRotation":0,"DestroyOnEnemyDead":0,"CenterY":0,"DeltaY":0,"TrackTarget":0,"Height":0,"IsAbsoluteFireArm":0,"AbsoluteFireDistance":0,"ShakeEffects":[],"TargetBranchId":0,"PlayWithCutIn":0}}],"ShakeEffects":[],"BlurEffects":[],"ZoomEffect":{"Enable":0,"ConsiderScreenSize":1,"StartDelay":0,"StartDuration":0.15,"Duration":1.55,"EndDuration":0.1,"To":0.9,"ZoomTarget":0,"OffsetY":0,"OffsetX":0,"UseYBottom":0,"ZoomEffectList":[],"StartEasingType":2,"EndEasingType":2,"BoneName":""},"SlowEffect":{"Enable":0,"StartDelay":0,"StartDuration":0,"Duration":1.55,"EndDuration":0.1,"To":0.9},"ForcePlayNoTarget":0,"ParameterTarget":0,"ChangeSortDatas":[],"ScaleChangers":[],"DisableOtherCharaOnStart":0,"BlackOutTime":0,"BlackoutEndWithMotion":0,"ForceComboDamage":0,"BlackoutColor":{"r":0,"g":0,"b":0,"a":0.9607843},"CutInMovieFadeStartTime":1.9,"CutInMovieFadeDurationTime":0.1,"CutInSkipTime":0,"ForceCutinOff":0,"SkillMotionType":0,"TrackDamageNum":1,"PauseStopState":0,"BranchIds":[{"data":0}],"SpeedUpWithCutinVoice":{"Voice1List":[],"Voice2List":[]},"SpeedUpNoCutinVoice":{"Voice1List":[],"Voice2List":[]},"NormalWithCutinVoice":{"Voice1List":[],"Voice2List":[]},"NormalNoCutinVoice":{"Voice1List":[],"Voice2List":[]},"OverrideSkillList":[]},"UnionBurstList":[{"data":{"IsPrincessForm":0,"PrincessSkillMovieDataList":[],"ActionParametersOnPrefab":[],"SkillEffects":[],"ShakeEffects":[],"BlurEffects":[],"ZoomEffect":{"Enable":0,"ConsiderScreenSize":1,"StartDelay":0,"StartDuration":0.15,"Duration":1.55,"EndDuration":0.1,"To":0.9,"ZoomTarget":0,"OffsetY":0,"OffsetX":0,"UseYBottom":0,"ZoomEffectList":[],"StartEasingType":2,"EndEasingType":2,"BoneName":""},"SlowEffect":{"Enable":0,"StartDelay":0,"StartDuration":0,"Duration":1.55,"EndDuration":0.1,"To":0.9},"ForcePlayNoTarget":0,"ParameterTarget":0,"ChangeSortDatas":[],"ScaleChangers":[],"DisableOtherCharaOnStart":0,"BlackOutTime":0,"BlackoutEndWithMotion":0,"ForceComboDamage":0,"BlackoutColor":{"r":0,"g":0,"b":0,"a":0.9607843},"CutInMovieFadeStartTime":1.9,"CutInMovieFadeDurationTime":0.1,"CutInSkipTime":0,"ForceCutinOff":0,"SkillMotionType":0,"TrackDamageNum":1,"PauseStopState":0,"BranchIds":[],"SpeedUpWithCutinVoice":{"Voice1List":[],"Voice2List":[]},"SpeedUpNoCutinVoice":{"Voice1List":[],"Voice2List":[]},"NormalWithCutinVoice":{"Voice1List":[],"Voice2List":[]},"NormalNoCutinVoice":{"Voice1List":[],"Voice2List":[]},"OverrideSkillList":[]}}],"MainSkillList":[{"data":{"IsPrincessForm":0,"PrincessSkillMovieDataList":[],"ActionParametersOnPrefab":[{"data":{"Visible":1,"ActionType":2,"Details":[{"data":{"Visible":1,"ExecTimeForPrefab":[{"data":{"Time":1.1,"DamageNumType":0,"Weight":1,"DamageNumScale":1}}],"ExecTimeCombo":[],"ActionId":0,"ActionEffectList":[]}},{"data":{"Visible":0,"ExecTimeForPrefab":[],"ExecTimeCombo":[],"ActionId":0,"ActionEffectList":[]}}],"KnockAnimationCurve":{"m_Curve":[],"m_PreInfinity":2,"m_PostInfinity":2,"m_RotationOrder":4},"KnockDownAnimationCurve":{"m_Curve":[],"m_PreInfinity":2,"m_PostInfinity":2,"m_RotationOrder":4},"EffectType":0}},{"data":{"Visible":1,"ActionType":1,"Details":[{"data":{"Visible":1,"ExecTimeForPrefab":[{"data":{"Time":1.7000000000000002,"DamageNumType":0,"Weight":1,"DamageNumScale":1}}],"ExecTimeCombo":[],"ActionId":0,"ActionEffectList":[]}},{"data":{"Visible":0,"ExecTimeForPrefab":[],"ExecTimeCombo":[],"ActionId":0,"ActionEffectList":[]}}],"KnockAnimationCurve":{"m_Curve":[],"m_PreInfinity":2,"m_PostInfinity":2,"m_RotationOrder":4},"KnockDownAnimationCurve":{"m_Curve":[],"m_PreInfinity":2,"m_PostInfinity":2,"m_RotationOrder":4},"EffectType":0}}],"SkillEffects":[{"data":{"Prefab":{"m_FileID":1,"m_PathID":3436576949977894671},"PrefabLeft":{"m_FileID":1,"m_PathID":3875787426205286268},"ExecTime":[{"data":1.6}],"IsReaction":0,"FireArmEndEffects":[],"TargetActionIsReflexive":0,"TargetActionIndex":0,"TargetActionId":0,"FireActionId":-1,"TargetMotionIndex":0,"EffectBehavior":0,"EffectTarget":0,"TargetBone":0,"FireArmEndTarget":1,"FireArmEndTargetBone":0,"TrackType":0,"TrackDimension":0,"TargetBoneName":"headF2","TrackRotation":0,"DestroyOnEnemyDead":0,"CenterY":0,"DeltaY":0,"TrackTarget":0,"Height":0,"IsAbsoluteFireArm":0,"AbsoluteFireDistance":0,"ShakeEffects":[],"TargetBranchId":0,"PlayWithCutIn":0}},{"data":{"Prefab":{"m_FileID":1,"m_PathID":-6014368189439116791},"PrefabLeft":{"m_FileID":1,"m_PathID":-6014368189439116791},"ExecTime":[{"data":0.6}],"IsReaction":0,"FireArmEndEffects":[],"TargetActionIsReflexive":0,"TargetActionIndex":0,"TargetActionId":0,"FireActionId":-1,"TargetMotionIndex":0,"EffectBehavior":0,"EffectTarget":0,"TargetBone":0,"FireArmEndTarget":1,"FireArmEndTargetBone":0,"TrackType":0,"TrackDimension":0,"TargetBoneName":"","TrackRotation":0,"DestroyOnEnemyDead":0,"CenterY":0,"DeltaY":0,"TrackTarget":0,"Height":0,"IsAbsoluteFireArm":0,"AbsoluteFireDistance":0,"ShakeEffects":[],"TargetBranchId":0,"PlayWithCutIn":0}},{"data":{"Prefab":{"m_FileID":1,"m_PathID":-4412280610873751438},"PrefabLeft":{"m_FileID":1,"m_PathID":-4412280610873751438},"ExecTime":[{"data":1.2}],"IsReaction":0,"FireArmEndEffects":[],"TargetActionIsReflexive":0,"TargetActionIndex":0,"TargetActionId":0,"FireActionId":-1,"TargetMotionIndex":0,"EffectBehavior":0,"EffectTarget":0,"TargetBone":0,"FireArmEndTarget":1,"FireArmEndTargetBone":0,"TrackType":0,"TrackDimension":0,"TargetBoneName":"","TrackRotation":0,"DestroyOnEnemyDead":0,"CenterY":0,"DeltaY":0,"TrackTarget":0,"Height":0,"IsAbsoluteFireArm":0,"AbsoluteFireDistance":0,"ShakeEffects":[],"TargetBranchId":0,"PlayWithCutIn":0}}],"ShakeEffects":[],"BlurEffects":[],"ZoomEffect":{"Enable":0,"ConsiderScreenSize":1,"StartDelay":0,"StartDuration":0.15,"Duration":1.55,"EndDuration":0.1,"To":0.9,"ZoomTarget":0,"OffsetY":0,"OffsetX":0,"UseYBottom":0,"ZoomEffectList":[],"StartEasingType":2,"EndEasingType":2,"BoneName":""},"SlowEffect":{"Enable":0,"StartDelay":0,"StartDuration":0,"Duration":1.55,"EndDuration":0.1,"To":0.9},"ForcePlayNoTarget":0,"ParameterTarget":0,"ChangeSortDatas":[],"ScaleChangers":[],"DisableOtherCharaOnStart":0,"BlackOutTime":0,"BlackoutEndWithMotion":0,"ForceComboDamage":0,"BlackoutColor":{"r":0,"g":0,"b":0,"a":0.9607843},"CutInMovieFadeStartTime":1.9,"CutInMovieFadeDurationTime":0.1,"CutInSkipTime":0,"ForceCutinOff":0,"SkillMotionType":0,"TrackDamageNum":1,"PauseStopState":0,"BranchIds":[{"data":0}],"SpeedUpWithCutinVoice":{"Voice1List":[],"Voice2List":[]},"SpeedUpNoCutinVoice":{"Voice1List":[],"Voice2List":[]},"NormalWithCutinVoice":{"Voice1List":[],"Voice2List":[]},"NormalNoCutinVoice":{"Voice1List":[],"Voice2List":[]},"OverrideSkillList":[]}},{"data":{"IsPrincessForm":0,"PrincessSkillMovieDataList":[],"ActionParametersOnPrefab":[],"SkillEffects":[],"ShakeEffects":[],"BlurEffects":[],"ZoomEffect":{"Enable":0,"ConsiderScreenSize":1,"StartDelay":0,"StartDuration":0.15,"Duration":1.55,"EndDuration":0.1,"To":0.9,"ZoomTarget":0,"OffsetY":0,"OffsetX":0,"UseYBottom":0,"ZoomEffectList":[],"StartEasingType":2,"EndEasingType":2,"BoneName":""},"SlowEffect":{"Enable":0,"StartDelay":0,"StartDuration":0,"Duration":1.55,"EndDuration":0.1,"To":0.9},"ForcePlayNoTarget":0,"ParameterTarget":0,"ChangeSortDatas":[],"ScaleChangers":[],"DisableOtherCharaOnStart":0,"BlackOutTime":0,"BlackoutEndWithMotion":0,"ForceComboDamage":0,"BlackoutColor":{"r":0,"g":0,"b":0,"a":0.9607843},"CutInMovieFadeStartTime":1.9,"CutInMovieFadeDurationTime":0.1,"CutInSkipTime":0,"ForceCutinOff":0,"SkillMotionType":0,"TrackDamageNum":1,"PauseStopState":0,"BranchIds":[],"SpeedUpWithCutinVoice":{"Voice1List":[],"Voice2List":[]},"SpeedUpNoCutinVoice":{"Voice1List":[],"Voice2List":[]},"NormalWithCutinVoice":{"Voice1List":[],"Voice2List":[]},"NormalNoCutinVoice":{"Voice1List":[],"Voice2List":[]},"OverrideSkillList":[]}}],"SpecialSkillList":[],"SpecialSkillEvolutionList":[],"UnionBurstEvolutionList":[],"MainSkillEvolutionList":[],"SubUnionBurstList":[],"Annihilation":{"IsPrincessForm":0,"PrincessSkillMovieDataList":[],"ActionParametersOnPrefab":[],"SkillEffects":[],"ShakeEffects":[],"BlurEffects":[],"ZoomEffect":{"Enable":0,"ConsiderScreenSize":1,"StartDelay":0,"StartDuration":0.15,"Duration":1.55,"EndDuration":0.1,"To":0.9,"ZoomTarget":0,"OffsetY":0,"OffsetX":0,"UseYBottom":0,"ZoomEffectList":[],"StartEasingType":2,"EndEasingType":2,"BoneName":""},"SlowEffect":{"Enable":0,"StartDelay":0,"StartDuration":0,"Duration":1.55,"EndDuration":0.1,"To":0.9},"ForcePlayNoTarget":0,"ParameterTarget":0,"ChangeSortDatas":[],"ScaleChangers":[],"DisableOtherCharaOnStart":0,"BlackOutTime":0,"BlackoutEndWithMotion":0,"ForceComboDamage":0,"BlackoutColor":{"r":0,"g":0,"b":0,"a":0.9607843},"CutInMovieFadeStartTime":1.9,"CutInMovieFadeDurationTime":0.1,"CutInSkipTime":0,"ForceCutinOff":0,"SkillMotionType":0,"TrackDamageNum":1,"PauseStopState":0,"BranchIds":[],"SpeedUpWithCutinVoice":{"Voice1List":[],"Voice2List":[]},"SpeedUpNoCutinVoice":{"Voice1List":[],"Voice2List":[]},"NormalWithCutinVoice":{"Voice1List":[],"Voice2List":[]},"NormalNoCutinVoice":{"Voice1List":[],"Voice2List":[]},"OverrideSkillList":[]}}