{"m_GameObject":{"m_FileID":0,"m_PathID":364107152465455858},"m_Enabled":1,"m_Script":{"m_FileID":0,"m_PathID":-8769737722289236995},"m_Name":"","AttackDetail":{"Visible":0,"ExecTimeForPrefab":[{"data":{"Time":0,"DamageNumType":0,"Weight":1,"DamageNumScale":1}}],"ExecTimeCombo":[],"ActionId":0,"ActionEffectList":[]},"UseDefaultDelay":1,"Attack":{"IsPrincessForm":0,"PrincessSkillMovieDataList":[],"ActionParametersOnPrefab":[{"data":{"Visible":1,"ActionType":0,"Details":[{"data":{"Visible":1,"ExecTimeForPrefab":[{"data":{"Time":0,"DamageNumType":0,"Weight":1,"DamageNumScale":1}}],"ExecTimeCombo":[],"ActionId":0,"ActionEffectList":[]}}],"KnockAnimationCurve":{"m_Curve":[],"m_PreInfinity":2,"m_PostInfinity":2,"m_RotationOrder":4},"KnockDownAnimationCurve":{"m_Curve":[],"m_PreInfinity":2,"m_PostInfinity":2,"m_RotationOrder":4},"EffectType":0}}],"SkillEffects":[{"data":{"Prefab":{"m_FileID":1,"m_PathID":8883712484923351130},"PrefabLeft":{"m_FileID":1,"m_PathID":8883712484923351130},"ExecTime":[{"data":1}],"IsReaction":0,"FireArmEndEffects":[{"data":{"Prefab":{"m_FileID":1,"m_PathID":-8599906100600134649},"PrefabLeft":{"m_FileID":1,"m_PathID":-8599906100600134649},"ExecTime":[{"data":0}],"IsReaction":0,"FireArmEndEffects":[],"TargetActionIsReflexive":0,"TargetActionIndex":0,"TargetActionId":0,"FireActionId":-1,"TargetMotionIndex":0,"EffectBehavior":0,"EffectTarget":2,"TargetBone":3,"FireArmEndTarget":1,"FireArmEndTargetBone":0,"TrackType":0,"TrackDimension":3,"TargetBoneName":"","TrackRotation":0,"DestroyOnEnemyDead":0,"CenterY":0,"DeltaY":0,"TrackTarget":0,"Height":0,"IsAbsoluteFireArm":0,"AbsoluteFireDistance":0,"ShakeEffects":[],"TargetBranchId":0,"PlayWithCutIn":0}}],"TargetActionIsReflexive":0,"TargetActionIndex":0,"TargetActionId":0,"FireActionId":0,"TargetMotionIndex":0,"EffectBehavior":1,"EffectTarget":0,"TargetBone":4,"FireArmEndTarget":2,"FireArmEndTargetBone":3,"TrackType":2,"TrackDimension":0,"TargetBoneName":"efSheep_3_1","TrackRotation":0,"DestroyOnEnemyDead":0,"CenterY":0,"DeltaY":0,"TrackTarget":0,"Height":0,"IsAbsoluteFireArm":0,"AbsoluteFireDistance":0,"ShakeEffects":[{"data":{"ShakeType":0,"StartTime":0,"Duration":0.2,"TargetMotion":0,"StartAmplitude":0.04000000000000001,"EndAmplitude":0.020000000000000004,"StartFrequency":10,"EndFrequency":10,"Rotation":90}}],"TargetBranchId":0,"PlayWithCutIn":0}}],"ShakeEffects":[],"BlurEffects":[],"ZoomEffect":{"Enable":0,"ConsiderScreenSize":1,"StartDelay":0,"StartDuration":0.15,"Duration":1.55,"EndDuration":0.1,"To":0.9,"ZoomTarget":0,"OffsetY":0,"OffsetX":0,"UseYBottom":0,"ZoomEffectList":[],"StartEasingType":2,"EndEasingType":2,"BoneName":""},"SlowEffect":{"Enable":0,"StartDelay":0,"StartDuration":0,"Duration":1.55,"EndDuration":0.1,"To":0.9},"ForcePlayNoTarget":0,"ParameterTarget":0,"ChangeSortDatas":[],"ScaleChangers":[],"DisableOtherCharaOnStart":0,"BlackOutTime":0,"BlackoutEndWithMotion":0,"ForceComboDamage":0,"BlackoutColor":{"r":0,"g":0,"b":0,"a":0.9607843},"CutInMovieFadeStartTime":1.9,"CutInMovieFadeDurationTime":0.1,"CutInSkipTime":0,"ForceCutinOff":0,"SkillMotionType":0,"TrackDamageNum":1,"PauseStopState":0,"BranchIds":[{"data":0}],"SpeedUpWithCutinVoice":{"Voice1List":[],"Voice2List":[]},"SpeedUpNoCutinVoice":{"Voice1List":[],"Voice2List":[]},"NormalWithCutinVoice":{"Voice1List":[],"Voice2List":[]},"NormalNoCutinVoice":{"Voice1List":[],"Voice2List":[]}},"UnionBurstList":[{"data":{"IsPrincessForm":0,"PrincessSkillMovieDataList":[],"ActionParametersOnPrefab":[{"data":{"Visible":0,"ActionType":1,"Details":[{"data":{"Visible":0,"ExecTimeForPrefab":[{"data":{"Time":2,"DamageNumType":1,"Weight":1,"DamageNumScale":1}},{"data":{"Time":2.3000000000000003,"DamageNumType":1,"Weight":1,"DamageNumScale":1}},{"data":{"Time":2.6,"DamageNumType":1,"Weight":1,"DamageNumScale":1}}],"ExecTimeCombo":[],"ActionId":300301101,"ActionEffectList":[]}},{"data":{"Visible":0,"ExecTimeForPrefab":[{"data":{"Time":2.7,"DamageNumType":1,"Weight":1,"DamageNumScale":1}}],"ExecTimeCombo":[],"ActionId":300301103,"ActionEffectList":[]}},{"data":{"Visible":0,"ExecTimeForPrefab":[],"ExecTimeCombo":[],"ActionId":0,"ActionEffectList":[]}}],"KnockAnimationCurve":{"m_Curve":[],"m_PreInfinity":2,"m_PostInfinity":2,"m_RotationOrder":4},"KnockDownAnimationCurve":{"m_Curve":[],"m_PreInfinity":2,"m_PostInfinity":2,"m_RotationOrder":4},"EffectType":0}},{"data":{"Visible":1,"ActionType":23,"Details":[{"data":{"Visible":1,"ExecTimeForPrefab":[{"data":{"Time":1,"DamageNumType":0,"Weight":1,"DamageNumScale":1}}],"ExecTimeCombo":[],"ActionId":300301103,"ActionEffectList":[]}},{"data":{"Visible":0,"ExecTimeForPrefab":[],"ExecTimeCombo":[],"ActionId":0,"ActionEffectList":[]}}],"KnockAnimationCurve":{"m_Curve":[],"m_PreInfinity":2,"m_PostInfinity":2,"m_RotationOrder":4},"KnockDownAnimationCurve":{"m_Curve":[],"m_PreInfinity":2,"m_PostInfinity":2,"m_RotationOrder":4},"EffectType":0}},{"data":{"Visible":0,"ActionType":10,"Details":[{"data":{"Visible":0,"ExecTimeForPrefab":[],"ExecTimeCombo":[],"ActionId":0,"ActionEffectList":[]}},{"data":{"Visible":0,"ExecTimeForPrefab":[],"ExecTimeCombo":[],"ActionId":0,"ActionEffectList":[]}}],"KnockAnimationCurve":{"m_Curve":[],"m_PreInfinity":2,"m_PostInfinity":2,"m_RotationOrder":4},"KnockDownAnimationCurve":{"m_Curve":[],"m_PreInfinity":2,"m_PostInfinity":2,"m_RotationOrder":4},"EffectType":0}},{"data":{"Visible":0,"ActionType":3,"Details":[{"data":{"Visible":0,"ExecTimeForPrefab":[],"ExecTimeCombo":[],"ActionId":0,"ActionEffectList":[]}},{"data":{"Visible":0,"ExecTimeForPrefab":[],"ExecTimeCombo":[],"ActionId":0,"ActionEffectList":[]}}],"KnockAnimationCurve":{"m_Curve":[],"m_PreInfinity":2,"m_PostInfinity":2,"m_RotationOrder":4},"KnockDownAnimationCurve":{"m_Curve":[],"m_PreInfinity":2,"m_PostInfinity":2,"m_RotationOrder":4},"EffectType":0}},{"data":{"Visible":1,"ActionType":46,"Details":[{"data":{"Visible":1,"ExecTimeForPrefab":[{"data":{"Time":2,"DamageNumType":1,"Weight":1,"DamageNumScale":1}},{"data":{"Time":2.3000000000000003,"DamageNumType":1,"Weight":1,"DamageNumScale":1}},{"data":{"Time":2.6,"DamageNumType":1,"Weight":1,"DamageNumScale":1}}],"ExecTimeCombo":[],"ActionId":300301102,"ActionEffectList":[]}},{"data":{"Visible":1,"ExecTimeForPrefab":[{"data":{"Time":2.7,"DamageNumType":2,"Weight":1,"DamageNumScale":1}}],"ExecTimeCombo":[],"ActionId":300301105,"ActionEffectList":[]}},{"data":{"Visible":0,"ExecTimeForPrefab":[],"ExecTimeCombo":[],"ActionId":0,"ActionEffectList":[]}}],"KnockAnimationCurve":{"m_Curve":[],"m_PreInfinity":2,"m_PostInfinity":2,"m_RotationOrder":4},"KnockDownAnimationCurve":{"m_Curve":[],"m_PreInfinity":2,"m_PostInfinity":2,"m_RotationOrder":4},"EffectType":0}},{"data":{"Visible":1,"ActionType":92,"Details":[{"data":{"Visible":1,"ExecTimeForPrefab":[{"data":{"Time":0,"DamageNumType":0,"Weight":1,"DamageNumScale":1}}],"ExecTimeCombo":[],"ActionId":300301101,"ActionEffectList":[]}},{"data":{"Visible":1,"ExecTimeForPrefab":[{"data":{"Time":0,"DamageNumType":0,"Weight":1,"DamageNumScale":1}}],"ExecTimeCombo":[],"ActionId":300301104,"ActionEffectList":[]}},{"data":{"Visible":0,"ExecTimeForPrefab":[],"ExecTimeCombo":[],"ActionId":0,"ActionEffectList":[]}}],"KnockAnimationCurve":{"m_Curve":[],"m_PreInfinity":2,"m_PostInfinity":2,"m_RotationOrder":4},"KnockDownAnimationCurve":{"m_Curve":[],"m_PreInfinity":2,"m_PostInfinity":2,"m_RotationOrder":4},"EffectType":0}}],"SkillEffects":[{"data":{"Prefab":{"m_FileID":1,"m_PathID":-8005584359774782410},"PrefabLeft":{"m_FileID":1,"m_PathID":-8005584359774782410},"ExecTime":[{"data":0}],"IsReaction":0,"FireArmEndEffects":[],"TargetActionIsReflexive":0,"TargetActionIndex":0,"TargetActionId":300300101,"FireActionId":-1,"TargetMotionIndex":0,"EffectBehavior":0,"EffectTarget":0,"TargetBone":0,"FireArmEndTarget":1,"FireArmEndTargetBone":0,"TrackType":2,"TrackDimension":0,"TargetBoneName":"","TrackRotation":0,"DestroyOnEnemyDead":0,"CenterY":0,"DeltaY":0,"TrackTarget":0,"Height":0,"IsAbsoluteFireArm":0,"AbsoluteFireDistance":0,"ShakeEffects":[],"TargetBranchId":0,"PlayWithCutIn":1}},{"data":{"Prefab":{"m_FileID":1,"m_PathID":-5326806963928069125},"PrefabLeft":{"m_FileID":1,"m_PathID":-5326806963928069125},"ExecTime":[{"data":2}],"IsReaction":0,"FireArmEndEffects":[],"TargetActionIsReflexive":0,"TargetActionIndex":0,"TargetActionId":300300101,"FireActionId":-1,"TargetMotionIndex":0,"EffectBehavior":2,"EffectTarget":0,"TargetBone":0,"FireArmEndTarget":1,"FireArmEndTargetBone":0,"TrackType":2,"TrackDimension":3,"TargetBoneName":"","TrackRotation":0,"DestroyOnEnemyDead":0,"CenterY":0,"DeltaY":0,"TrackTarget":0,"Height":0,"IsAbsoluteFireArm":0,"AbsoluteFireDistance":0,"ShakeEffects":[],"TargetBranchId":0,"PlayWithCutIn":1}},{"data":{"Prefab":{"m_FileID":1,"m_PathID":4219114074612020887},"PrefabLeft":{"m_FileID":1,"m_PathID":4219114074612020887},"ExecTime":[{"data":0}],"IsReaction":0,"FireArmEndEffects":[],"TargetActionIsReflexive":0,"TargetActionIndex":0,"TargetActionId":0,"FireActionId":-1,"TargetMotionIndex":0,"EffectBehavior":2,"EffectTarget":0,"TargetBone":0,"FireArmEndTarget":1,"FireArmEndTargetBone":0,"TrackType":0,"TrackDimension":3,"TargetBoneName":"","TrackRotation":0,"DestroyOnEnemyDead":0,"CenterY":0,"DeltaY":0,"TrackTarget":0,"Height":0,"IsAbsoluteFireArm":0,"AbsoluteFireDistance":0,"ShakeEffects":[],"TargetBranchId":0,"PlayWithCutIn":0}}],"ShakeEffects":[{"data":{"ShakeType":0,"StartTime":2,"Duration":3.5,"TargetMotion":0,"StartAmplitude":0.08000000000000002,"EndAmplitude":0,"StartFrequency":18,"EndFrequency":10,"Rotation":90}}],"BlurEffects":[],"ZoomEffect":{"Enable":1,"ConsiderScreenSize":0,"StartDelay":0,"StartDuration":0,"Duration":0,"EndDuration":0.1,"To":1,"ZoomTarget":0,"OffsetY":0,"OffsetX":0,"UseYBottom":0,"ZoomEffectList":[{"data":{"StartDuration":0.15,"Duration":1.2,"To":0.75,"OffsetX":0,"OffsetY":-0.1,"ZoomTarget":0,"StartEasingType":2,"UseYBottom":0,"BoneName":""}},{"data":{"StartDuration":0.2,"Duration":2,"To":1,"OffsetX":0,"OffsetY":0,"ZoomTarget":2,"StartEasingType":3,"UseYBottom":0,"BoneName":""}}],"StartEasingType":2,"EndEasingType":2,"BoneName":""},"SlowEffect":{"Enable":0,"StartDelay":0,"StartDuration":0,"Duration":1.55,"EndDuration":0.1,"To":0.9},"ForcePlayNoTarget":0,"ParameterTarget":0,"ChangeSortDatas":[],"ScaleChangers":[],"DisableOtherCharaOnStart":0,"BlackOutTime":3.5,"BlackoutEndWithMotion":0,"ForceComboDamage":0,"BlackoutColor":{"r":0,"g":0,"b":0,"a":1},"CutInMovieFadeStartTime":1.9,"CutInMovieFadeDurationTime":0.1,"CutInSkipTime":0,"ForceCutinOff":0,"SkillMotionType":0,"TrackDamageNum":1,"PauseStopState":0,"BranchIds":[{"data":0}],"SpeedUpWithCutinVoice":{"Voice1List":[],"Voice2List":[]},"SpeedUpNoCutinVoice":{"Voice1List":[],"Voice2List":[]},"NormalWithCutinVoice":{"Voice1List":[],"Voice2List":[]},"NormalNoCutinVoice":{"Voice1List":[],"Voice2List":[]}}}],"MainSkillList":[{"data":{"IsPrincessForm":0,"PrincessSkillMovieDataList":[],"ActionParametersOnPrefab":[{"data":{"Visible":1,"ActionType":1,"Details":[{"data":{"Visible":1,"ExecTimeForPrefab":[{"data":{"Time":1.3,"DamageNumType":0,"Weight":1,"DamageNumScale":1}}],"ExecTimeCombo":[],"ActionId":300301202,"ActionEffectList":[]}},{"data":{"Visible":0,"ExecTimeForPrefab":[],"ExecTimeCombo":[],"ActionId":0,"ActionEffectList":[]}}],"KnockAnimationCurve":{"m_Curve":[],"m_PreInfinity":2,"m_PostInfinity":2,"m_RotationOrder":4},"KnockDownAnimationCurve":{"m_Curve":[],"m_PreInfinity":2,"m_PostInfinity":2,"m_RotationOrder":4},"EffectType":0}},{"data":{"Visible":0,"ActionType":9,"Details":[{"data":{"Visible":0,"ExecTimeForPrefab":[],"ExecTimeCombo":[],"ActionId":0,"ActionEffectList":[]}},{"data":{"Visible":0,"ExecTimeForPrefab":[],"ExecTimeCombo":[],"ActionId":0,"ActionEffectList":[]}}],"KnockAnimationCurve":{"m_Curve":[],"m_PreInfinity":2,"m_PostInfinity":2,"m_RotationOrder":4},"KnockDownAnimationCurve":{"m_Curve":[],"m_PreInfinity":2,"m_PostInfinity":2,"m_RotationOrder":4},"EffectType":0}},{"data":{"Visible":0,"ActionType":10,"Details":[{"data":{"Visible":0,"ExecTimeForPrefab":[],"ExecTimeCombo":[],"ActionId":0,"ActionEffectList":[]}},{"data":{"Visible":0,"ExecTimeForPrefab":[],"ExecTimeCombo":[],"ActionId":0,"ActionEffectList":[]}},{"data":{"Visible":0,"ExecTimeForPrefab":[],"ExecTimeCombo":[],"ActionId":0,"ActionEffectList":[]}}],"KnockAnimationCurve":{"m_Curve":[],"m_PreInfinity":2,"m_PostInfinity":2,"m_RotationOrder":4},"KnockDownAnimationCurve":{"m_Curve":[],"m_PreInfinity":2,"m_PostInfinity":2,"m_RotationOrder":4},"EffectType":0}},{"data":{"Visible":0,"ActionType":7,"Details":[{"data":{"Visible":0,"ExecTimeForPrefab":[{"data":{"Time":0,"DamageNumType":0,"Weight":1,"DamageNumScale":1}}],"ExecTimeCombo":[],"ActionId":0,"ActionEffectList":[]}},{"data":{"Visible":0,"ExecTimeForPrefab":[],"ExecTimeCombo":[],"ActionId":0,"ActionEffectList":[]}}],"KnockAnimationCurve":{"m_Curve":[],"m_PreInfinity":2,"m_PostInfinity":2,"m_RotationOrder":4},"KnockDownAnimationCurve":{"m_Curve":[],"m_PreInfinity":2,"m_PostInfinity":2,"m_RotationOrder":4},"EffectType":0}},{"data":{"Visible":0,"ActionType":12,"Details":[{"data":{"Visible":0,"ExecTimeForPrefab":[{"data":{"Time":0,"DamageNumType":0,"Weight":1,"DamageNumScale":1}}],"ExecTimeCombo":[],"ActionId":0,"ActionEffectList":[]}},{"data":{"Visible":0,"ExecTimeForPrefab":[],"ExecTimeCombo":[],"ActionId":0,"ActionEffectList":[]}}],"KnockAnimationCurve":{"m_Curve":[],"m_PreInfinity":2,"m_PostInfinity":2,"m_RotationOrder":4},"KnockDownAnimationCurve":{"m_Curve":[],"m_PreInfinity":2,"m_PostInfinity":2,"m_RotationOrder":4},"EffectType":0}},{"data":{"Visible":1,"ActionType":92,"Details":[{"data":{"Visible":1,"ExecTimeForPrefab":[{"data":{"Time":0,"DamageNumType":0,"Weight":1,"DamageNumScale":1}}],"ExecTimeCombo":[],"ActionId":300301201,"ActionEffectList":[]}},{"data":{"Visible":0,"ExecTimeForPrefab":[],"ExecTimeCombo":[],"ActionId":0,"ActionEffectList":[]}}],"KnockAnimationCurve":{"m_Curve":[],"m_PreInfinity":2,"m_PostInfinity":2,"m_RotationOrder":4},"KnockDownAnimationCurve":{"m_Curve":[],"m_PreInfinity":2,"m_PostInfinity":2,"m_RotationOrder":4},"EffectType":0}}],"SkillEffects":[{"data":{"Prefab":{"m_FileID":1,"m_PathID":-651481047240837375},"PrefabLeft":{"m_FileID":1,"m_PathID":-651481047240837375},"ExecTime":[{"data":0.25}],"IsReaction":0,"FireArmEndEffects":[],"TargetActionIsReflexive":0,"TargetActionIndex":0,"TargetActionId":300300201,"FireActionId":-1,"TargetMotionIndex":0,"EffectBehavior":0,"EffectTarget":0,"TargetBone":0,"FireArmEndTarget":1,"FireArmEndTargetBone":0,"TrackType":2,"TrackDimension":0,"TargetBoneName":"","TrackRotation":0,"DestroyOnEnemyDead":0,"CenterY":0,"DeltaY":0,"TrackTarget":0,"Height":0,"IsAbsoluteFireArm":0,"AbsoluteFireDistance":0,"ShakeEffects":[],"TargetBranchId":0,"PlayWithCutIn":0}}],"ShakeEffects":[{"data":{"ShakeType":0,"StartTime":1,"Duration":0.3,"TargetMotion":0,"StartAmplitude":0.05,"EndAmplitude":0.05,"StartFrequency":18,"EndFrequency":10,"Rotation":90}}],"BlurEffects":[],"ZoomEffect":{"Enable":1,"ConsiderScreenSize":1,"StartDelay":0,"StartDuration":0.15,"Duration":1.55,"EndDuration":0.1,"To":0.9,"ZoomTarget":0,"OffsetY":0,"OffsetX":0,"UseYBottom":0,"ZoomEffectList":[],"StartEasingType":2,"EndEasingType":2,"BoneName":""},"SlowEffect":{"Enable":0,"StartDelay":0,"StartDuration":0,"Duration":1.55,"EndDuration":0.1,"To":0.9},"ForcePlayNoTarget":0,"ParameterTarget":0,"ChangeSortDatas":[],"ScaleChangers":[],"DisableOtherCharaOnStart":0,"BlackOutTime":0,"BlackoutEndWithMotion":0,"ForceComboDamage":0,"BlackoutColor":{"r":0,"g":0,"b":0,"a":0.9607843},"CutInMovieFadeStartTime":1.9,"CutInMovieFadeDurationTime":0.1,"CutInSkipTime":0,"ForceCutinOff":0,"SkillMotionType":0,"TrackDamageNum":1,"PauseStopState":0,"BranchIds":[{"data":0}],"SpeedUpWithCutinVoice":{"Voice1List":[],"Voice2List":[]},"SpeedUpNoCutinVoice":{"Voice1List":[],"Voice2List":[]},"NormalWithCutinVoice":{"Voice1List":[],"Voice2List":[]},"NormalNoCutinVoice":{"Voice1List":[],"Voice2List":[]}}},{"data":{"IsPrincessForm":0,"PrincessSkillMovieDataList":[],"ActionParametersOnPrefab":[{"data":{"Visible":1,"ActionType":8,"Details":[{"data":{"Visible":1,"ExecTimeForPrefab":[{"data":{"Time":1.6,"DamageNumType":0,"Weight":1,"DamageNumScale":1}}],"ExecTimeCombo":[],"ActionId":300301301,"ActionEffectList":[]}},{"data":{"Visible":0,"ExecTimeForPrefab":[],"ExecTimeCombo":[],"ActionId":0,"ActionEffectList":[]}}],"KnockAnimationCurve":{"m_Curve":[],"m_PreInfinity":2,"m_PostInfinity":2,"m_RotationOrder":4},"KnockDownAnimationCurve":{"m_Curve":[],"m_PreInfinity":2,"m_PostInfinity":2,"m_RotationOrder":4},"EffectType":0}},{"data":{"Visible":0,"ActionType":7,"Details":[{"data":{"Visible":0,"ExecTimeForPrefab":[{"data":{"Time":0,"DamageNumType":0,"Weight":1,"DamageNumScale":1}}],"ExecTimeCombo":[],"ActionId":300300301,"ActionEffectList":[]}},{"data":{"Visible":0,"ExecTimeForPrefab":[],"ExecTimeCombo":[],"ActionId":0,"ActionEffectList":[]}}],"KnockAnimationCurve":{"m_Curve":[],"m_PreInfinity":2,"m_PostInfinity":2,"m_RotationOrder":4},"KnockDownAnimationCurve":{"m_Curve":[],"m_PreInfinity":2,"m_PostInfinity":2,"m_RotationOrder":4},"EffectType":0}},{"data":{"Visible":0,"ActionType":1,"Details":[{"data":{"Visible":0,"ExecTimeForPrefab":[{"data":{"Time":1.3,"DamageNumType":0,"Weight":1,"DamageNumScale":1}}],"ExecTimeCombo":[],"ActionId":300300301,"ActionEffectList":[]}},{"data":{"Visible":0,"ExecTimeForPrefab":[],"ExecTimeCombo":[],"ActionId":0,"ActionEffectList":[]}}],"KnockAnimationCurve":{"m_Curve":[],"m_PreInfinity":2,"m_PostInfinity":2,"m_RotationOrder":4},"KnockDownAnimationCurve":{"m_Curve":[],"m_PreInfinity":2,"m_PostInfinity":2,"m_RotationOrder":4},"EffectType":0}}],"SkillEffects":[{"data":{"Prefab":{"m_FileID":1,"m_PathID":3368006770663157695},"PrefabLeft":{"m_FileID":1,"m_PathID":3368006770663157695},"ExecTime":[{"data":0.9}],"IsReaction":0,"FireArmEndEffects":[],"TargetActionIsReflexive":0,"TargetActionIndex":0,"TargetActionId":300300302,"FireActionId":-1,"TargetMotionIndex":0,"EffectBehavior":0,"EffectTarget":0,"TargetBone":0,"FireArmEndTarget":1,"FireArmEndTargetBone":0,"TrackType":2,"TrackDimension":3,"TargetBoneName":"","TrackRotation":0,"DestroyOnEnemyDead":0,"CenterY":0,"DeltaY":0,"TrackTarget":0,"Height":0,"IsAbsoluteFireArm":0,"AbsoluteFireDistance":0,"ShakeEffects":[],"TargetBranchId":0,"PlayWithCutIn":0}},{"data":{"Prefab":{"m_FileID":1,"m_PathID":1472339375095359740},"PrefabLeft":{"m_FileID":1,"m_PathID":1472339375095359740},"ExecTime":[{"data":1.3}],"IsReaction":0,"FireArmEndEffects":[],"TargetActionIsReflexive":0,"TargetActionIndex":0,"TargetActionId":300300302,"FireActionId":-1,"TargetMotionIndex":0,"EffectBehavior":0,"EffectTarget":2,"TargetBone":2,"FireArmEndTarget":1,"FireArmEndTargetBone":0,"TrackType":2,"TrackDimension":3,"TargetBoneName":"","TrackRotation":0,"DestroyOnEnemyDead":0,"CenterY":0,"DeltaY":0,"TrackTarget":0,"Height":0,"IsAbsoluteFireArm":0,"AbsoluteFireDistance":0,"ShakeEffects":[],"TargetBranchId":0,"PlayWithCutIn":0}}],"ShakeEffects":[{"data":{"ShakeType":0,"StartTime":0.9,"Duration":0.3,"TargetMotion":0,"StartAmplitude":0.05,"EndAmplitude":0.05,"StartFrequency":18,"EndFrequency":10,"Rotation":90}}],"BlurEffects":[],"ZoomEffect":{"Enable":1,"ConsiderScreenSize":1,"StartDelay":0,"StartDuration":0.15,"Duration":0.8,"EndDuration":0.1,"To":0.9,"ZoomTarget":0,"OffsetY":0,"OffsetX":0,"UseYBottom":0,"ZoomEffectList":[],"StartEasingType":2,"EndEasingType":2,"BoneName":""},"SlowEffect":{"Enable":0,"StartDelay":0,"StartDuration":0,"Duration":1.55,"EndDuration":0.1,"To":0.9},"ForcePlayNoTarget":0,"ParameterTarget":0,"ChangeSortDatas":[],"ScaleChangers":[],"DisableOtherCharaOnStart":0,"BlackOutTime":0,"BlackoutEndWithMotion":0,"ForceComboDamage":0,"BlackoutColor":{"r":0,"g":0,"b":0,"a":0.9607843},"CutInMovieFadeStartTime":1.9,"CutInMovieFadeDurationTime":0.1,"CutInSkipTime":0,"ForceCutinOff":0,"SkillMotionType":0,"TrackDamageNum":1,"PauseStopState":0,"BranchIds":[{"data":0}],"SpeedUpWithCutinVoice":{"Voice1List":[],"Voice2List":[]},"SpeedUpNoCutinVoice":{"Voice1List":[],"Voice2List":[]},"NormalWithCutinVoice":{"Voice1List":[],"Voice2List":[]},"NormalNoCutinVoice":{"Voice1List":[],"Voice2List":[]}}},{"data":{"IsPrincessForm":0,"PrincessSkillMovieDataList":[],"ActionParametersOnPrefab":[{"data":{"Visible":1,"ActionType":1,"Details":[{"data":{"Visible":1,"ExecTimeForPrefab":[{"data":{"Time":1.9,"DamageNumType":0,"Weight":1,"DamageNumScale":1}}],"ExecTimeCombo":[],"ActionId":300301402,"ActionEffectList":[]}},{"data":{"Visible":0,"ExecTimeForPrefab":[],"ExecTimeCombo":[],"ActionId":0,"ActionEffectList":[]}}],"KnockAnimationCurve":{"m_Curve":[],"m_PreInfinity":2,"m_PostInfinity":2,"m_RotationOrder":4},"KnockDownAnimationCurve":{"m_Curve":[],"m_PreInfinity":2,"m_PostInfinity":2,"m_RotationOrder":4},"EffectType":0}},{"data":{"Visible":0,"ActionType":7,"Details":[{"data":{"Visible":0,"ExecTimeForPrefab":[{"data":{"Time":1.5,"DamageNumType":0,"Weight":1,"DamageNumScale":1}}],"ExecTimeCombo":[],"ActionId":300301401,"ActionEffectList":[]}},{"data":{"Visible":0,"ExecTimeForPrefab":[],"ExecTimeCombo":[],"ActionId":0,"ActionEffectList":[]}}],"KnockAnimationCurve":{"m_Curve":[],"m_PreInfinity":2,"m_PostInfinity":2,"m_RotationOrder":4},"KnockDownAnimationCurve":{"m_Curve":[],"m_PreInfinity":2,"m_PostInfinity":2,"m_RotationOrder":4},"EffectType":0}},{"data":{"Visible":0,"ActionType":20,"Details":[{"data":{"Visible":0,"ExecTimeForPrefab":[{"data":{"Time":1.5,"DamageNumType":0,"Weight":1,"DamageNumScale":1}}],"ExecTimeCombo":[],"ActionId":300301402,"ActionEffectList":[]}},{"data":{"Visible":0,"ExecTimeForPrefab":[],"ExecTimeCombo":[],"ActionId":0,"ActionEffectList":[]}}],"KnockAnimationCurve":{"m_Curve":[],"m_PreInfinity":2,"m_PostInfinity":2,"m_RotationOrder":4},"KnockDownAnimationCurve":{"m_Curve":[],"m_PreInfinity":2,"m_PostInfinity":2,"m_RotationOrder":4},"EffectType":0}},{"data":{"Visible":1,"ActionType":23,"Details":[{"data":{"Visible":1,"ExecTimeForPrefab":[{"data":{"Time":1.92,"DamageNumType":0,"Weight":1,"DamageNumScale":1}}],"ExecTimeCombo":[],"ActionId":300301403,"ActionEffectList":[]}},{"data":{"Visible":0,"ExecTimeForPrefab":[],"ExecTimeCombo":[],"ActionId":0,"ActionEffectList":[]}}],"KnockAnimationCurve":{"m_Curve":[],"m_PreInfinity":2,"m_PostInfinity":2,"m_RotationOrder":4},"KnockDownAnimationCurve":{"m_Curve":[],"m_PreInfinity":2,"m_PostInfinity":2,"m_RotationOrder":4},"EffectType":0}},{"data":{"Visible":1,"ActionType":8,"Details":[{"data":{"Visible":1,"ExecTimeForPrefab":[{"data":{"Time":1.94,"DamageNumType":0,"Weight":1,"DamageNumScale":1}}],"ExecTimeCombo":[],"ActionId":300301404,"ActionEffectList":[]}},{"data":{"Visible":0,"ExecTimeForPrefab":[],"ExecTimeCombo":[],"ActionId":0,"ActionEffectList":[]}}],"KnockAnimationCurve":{"m_Curve":[],"m_PreInfinity":2,"m_PostInfinity":2,"m_RotationOrder":4},"KnockDownAnimationCurve":{"m_Curve":[],"m_PreInfinity":2,"m_PostInfinity":2,"m_RotationOrder":4},"EffectType":0}},{"data":{"Visible":1,"ActionType":92,"Details":[{"data":{"Visible":1,"ExecTimeForPrefab":[{"data":{"Time":0,"DamageNumType":0,"Weight":1,"DamageNumScale":1}}],"ExecTimeCombo":[],"ActionId":300301401,"ActionEffectList":[]}},{"data":{"Visible":0,"ExecTimeForPrefab":[],"ExecTimeCombo":[],"ActionId":0,"ActionEffectList":[]}}],"KnockAnimationCurve":{"m_Curve":[],"m_PreInfinity":2,"m_PostInfinity":2,"m_RotationOrder":4},"KnockDownAnimationCurve":{"m_Curve":[],"m_PreInfinity":2,"m_PostInfinity":2,"m_RotationOrder":4},"EffectType":0}}],"SkillEffects":[{"data":{"Prefab":{"m_FileID":1,"m_PathID":4918733344778193181},"PrefabLeft":{"m_FileID":1,"m_PathID":4918733344778193181},"ExecTime":[{"data":0.4}],"IsReaction":0,"FireArmEndEffects":[],"TargetActionIsReflexive":0,"TargetActionIndex":0,"TargetActionId":0,"FireActionId":-1,"TargetMotionIndex":0,"EffectBehavior":0,"EffectTarget":0,"TargetBone":4,"FireArmEndTarget":1,"FireArmEndTargetBone":0,"TrackType":0,"TrackDimension":0,"TargetBoneName":"body","TrackRotation":0,"DestroyOnEnemyDead":0,"CenterY":0,"DeltaY":0,"TrackTarget":0,"Height":0,"IsAbsoluteFireArm":0,"AbsoluteFireDistance":0,"ShakeEffects":[],"TargetBranchId":0,"PlayWithCutIn":0}},{"data":{"Prefab":{"m_FileID":1,"m_PathID":2145806828204424460},"PrefabLeft":{"m_FileID":1,"m_PathID":2145806828204424460},"ExecTime":[{"data":1.5}],"IsReaction":0,"FireArmEndEffects":[],"TargetActionIsReflexive":0,"TargetActionIndex":0,"TargetActionId":0,"FireActionId":-1,"TargetMotionIndex":0,"EffectBehavior":0,"EffectTarget":2,"TargetBone":0,"FireArmEndTarget":1,"FireArmEndTargetBone":0,"TrackType":0,"TrackDimension":0,"TargetBoneName":"","TrackRotation":0,"DestroyOnEnemyDead":0,"CenterY":0,"DeltaY":0,"TrackTarget":0,"Height":0,"IsAbsoluteFireArm":0,"AbsoluteFireDistance":0,"ShakeEffects":[],"TargetBranchId":0,"PlayWithCutIn":0}},{"data":{"Prefab":{"m_FileID":1,"m_PathID":4190534057605694954},"PrefabLeft":{"m_FileID":1,"m_PathID":4190534057605694954},"ExecTime":[{"data":1.4000000000000001}],"IsReaction":0,"FireArmEndEffects":[],"TargetActionIsReflexive":0,"TargetActionIndex":0,"TargetActionId":0,"FireActionId":-1,"TargetMotionIndex":0,"EffectBehavior":0,"EffectTarget":0,"TargetBone":4,"FireArmEndTarget":1,"FireArmEndTargetBone":0,"TrackType":0,"TrackDimension":0,"TargetBoneName":"efSheep_3_1","TrackRotation":0,"DestroyOnEnemyDead":0,"CenterY":0,"DeltaY":0,"TrackTarget":0,"Height":0,"IsAbsoluteFireArm":0,"AbsoluteFireDistance":0,"ShakeEffects":[],"TargetBranchId":0,"PlayWithCutIn":0}},{"data":{"Prefab":{"m_FileID":1,"m_PathID":-8295835546301545772},"PrefabLeft":{"m_FileID":1,"m_PathID":-8295835546301545772},"ExecTime":[{"data":1.4000000000000001}],"IsReaction":0,"FireArmEndEffects":[],"TargetActionIsReflexive":0,"TargetActionIndex":0,"TargetActionId":0,"FireActionId":-1,"TargetMotionIndex":0,"EffectBehavior":0,"EffectTarget":0,"TargetBone":4,"FireArmEndTarget":1,"FireArmEndTargetBone":0,"TrackType":0,"TrackDimension":0,"TargetBoneName":"efSheep_1_1","TrackRotation":0,"DestroyOnEnemyDead":0,"CenterY":0,"DeltaY":0,"TrackTarget":0,"Height":0,"IsAbsoluteFireArm":0,"AbsoluteFireDistance":0,"ShakeEffects":[],"TargetBranchId":0,"PlayWithCutIn":0}},{"data":{"Prefab":{"m_FileID":1,"m_PathID":-8295835546301545772},"PrefabLeft":{"m_FileID":1,"m_PathID":-8295835546301545772},"ExecTime":[{"data":1.4000000000000001}],"IsReaction":0,"FireArmEndEffects":[],"TargetActionIsReflexive":0,"TargetActionIndex":0,"TargetActionId":0,"FireActionId":-1,"TargetMotionIndex":0,"EffectBehavior":0,"EffectTarget":0,"TargetBone":4,"FireArmEndTarget":1,"FireArmEndTargetBone":0,"TrackType":0,"TrackDimension":0,"TargetBoneName":"efSheep_2_1","TrackRotation":0,"DestroyOnEnemyDead":0,"CenterY":0,"DeltaY":0,"TrackTarget":0,"Height":0,"IsAbsoluteFireArm":0,"AbsoluteFireDistance":0,"ShakeEffects":[],"TargetBranchId":0,"PlayWithCutIn":0}},{"data":{"Prefab":{"m_FileID":1,"m_PathID":-6738712516678510118},"PrefabLeft":{"m_FileID":1,"m_PathID":-6738712516678510118},"ExecTime":[{"data":1.4000000000000001}],"IsReaction":0,"FireArmEndEffects":[],"TargetActionIsReflexive":0,"TargetActionIndex":0,"TargetActionId":0,"FireActionId":-1,"TargetMotionIndex":0,"EffectBehavior":0,"EffectTarget":0,"TargetBone":4,"FireArmEndTarget":1,"FireArmEndTargetBone":0,"TrackType":0,"TrackDimension":0,"TargetBoneName":"face","TrackRotation":0,"DestroyOnEnemyDead":0,"CenterY":0,"DeltaY":0,"TrackTarget":0,"Height":0,"IsAbsoluteFireArm":0,"AbsoluteFireDistance":0,"ShakeEffects":[],"TargetBranchId":0,"PlayWithCutIn":0}}],"ShakeEffects":[{"data":{"ShakeType":0,"StartTime":1.7999999999999998,"Duration":0.4,"TargetMotion":0,"StartAmplitude":0.08000000000000002,"EndAmplitude":0.05,"StartFrequency":13,"EndFrequency":13,"Rotation":90}}],"BlurEffects":[{"data":{"StartTime":0,"Value":0,"StartDuration":0,"Duration":0,"EndDuration":0}}],"ZoomEffect":{"Enable":1,"ConsiderScreenSize":1,"StartDelay":0,"StartDuration":0.2,"Duration":1.7000000000000002,"EndDuration":0.2,"To":0.9,"ZoomTarget":0,"OffsetY":0,"OffsetX":0,"UseYBottom":0,"ZoomEffectList":[],"StartEasingType":2,"EndEasingType":2,"BoneName":""},"SlowEffect":{"Enable":0,"StartDelay":1.7999999999999998,"StartDuration":0,"Duration":0.3,"EndDuration":0,"To":0.1},"ForcePlayNoTarget":0,"ParameterTarget":0,"ChangeSortDatas":[],"ScaleChangers":[],"DisableOtherCharaOnStart":0,"BlackOutTime":0,"BlackoutEndWithMotion":0,"ForceComboDamage":0,"BlackoutColor":{"r":0,"g":0,"b":0,"a":0.9607843},"CutInMovieFadeStartTime":1.9,"CutInMovieFadeDurationTime":0.1,"CutInSkipTime":0,"ForceCutinOff":0,"SkillMotionType":0,"TrackDamageNum":0,"PauseStopState":0,"BranchIds":[{"data":0}],"SpeedUpWithCutinVoice":{"Voice1List":[],"Voice2List":[]},"SpeedUpNoCutinVoice":{"Voice1List":[],"Voice2List":[]},"NormalWithCutinVoice":{"Voice1List":[],"Voice2List":[]},"NormalNoCutinVoice":{"Voice1List":[],"Voice2List":[]}}},{"data":{"IsPrincessForm":0,"PrincessSkillMovieDataList":[],"ActionParametersOnPrefab":[{"data":{"Visible":1,"ActionType":1,"Details":[{"data":{"Visible":1,"ExecTimeForPrefab":[{"data":{"Time":0,"DamageNumType":0,"Weight":1,"DamageNumScale":1}}],"ExecTimeCombo":[],"ActionId":300301502,"ActionEffectList":[]}},{"data":{"Visible":0,"ExecTimeForPrefab":[],"ExecTimeCombo":[],"ActionId":0,"ActionEffectList":[]}}],"KnockAnimationCurve":{"m_Curve":[],"m_PreInfinity":2,"m_PostInfinity":2,"m_RotationOrder":4},"KnockDownAnimationCurve":{"m_Curve":[],"m_PreInfinity":2,"m_PostInfinity":2,"m_RotationOrder":4},"EffectType":0}},{"data":{"Visible":1,"ActionType":92,"Details":[{"data":{"Visible":1,"ExecTimeForPrefab":[{"data":{"Time":0,"DamageNumType":0,"Weight":1,"DamageNumScale":1}}],"ExecTimeCombo":[],"ActionId":300301501,"ActionEffectList":[]}},{"data":{"Visible":0,"ExecTimeForPrefab":[],"ExecTimeCombo":[],"ActionId":0,"ActionEffectList":[]}}],"KnockAnimationCurve":{"m_Curve":[],"m_PreInfinity":2,"m_PostInfinity":2,"m_RotationOrder":4},"KnockDownAnimationCurve":{"m_Curve":[],"m_PreInfinity":2,"m_PostInfinity":2,"m_RotationOrder":4},"EffectType":0}}],"SkillEffects":[{"data":{"Prefab":{"m_FileID":2,"m_PathID":-654031428556507848},"PrefabLeft":{"m_FileID":1,"m_PathID":8883712484923351130},"ExecTime":[{"data":1}],"IsReaction":0,"FireArmEndEffects":[{"data":{"Prefab":{"m_FileID":2,"m_PathID":7561385593219464376},"PrefabLeft":{"m_FileID":1,"m_PathID":-8599906100600134649},"ExecTime":[{"data":0}],"IsReaction":0,"FireArmEndEffects":[],"TargetActionIsReflexive":0,"TargetActionIndex":0,"TargetActionId":0,"FireActionId":-1,"TargetMotionIndex":0,"EffectBehavior":0,"EffectTarget":2,"TargetBone":3,"FireArmEndTarget":1,"FireArmEndTargetBone":0,"TrackType":0,"TrackDimension":3,"TargetBoneName":"","TrackRotation":0,"DestroyOnEnemyDead":0,"CenterY":0,"DeltaY":0,"TrackTarget":0,"Height":0,"IsAbsoluteFireArm":0,"AbsoluteFireDistance":0,"ShakeEffects":[],"TargetBranchId":0,"PlayWithCutIn":0}}],"TargetActionIsReflexive":0,"TargetActionIndex":0,"TargetActionId":0,"FireActionId":300301501,"TargetMotionIndex":0,"EffectBehavior":1,"EffectTarget":0,"TargetBone":4,"FireArmEndTarget":2,"FireArmEndTargetBone":3,"TrackType":2,"TrackDimension":0,"TargetBoneName":"efSheep_3_1","TrackRotation":0,"DestroyOnEnemyDead":0,"CenterY":0,"DeltaY":0,"TrackTarget":0,"Height":0,"IsAbsoluteFireArm":0,"AbsoluteFireDistance":0,"ShakeEffects":[{"data":{"ShakeType":0,"StartTime":0,"Duration":0.2,"TargetMotion":0,"StartAmplitude":0.04000000000000001,"EndAmplitude":0.020000000000000004,"StartFrequency":10,"EndFrequency":10,"Rotation":90}}],"TargetBranchId":0,"PlayWithCutIn":0}}],"ShakeEffects":[],"BlurEffects":[],"ZoomEffect":{"Enable":0,"ConsiderScreenSize":1,"StartDelay":0,"StartDuration":0.15,"Duration":1.55,"EndDuration":0.1,"To":0.9,"ZoomTarget":0,"OffsetY":0,"OffsetX":0,"UseYBottom":0,"ZoomEffectList":[],"StartEasingType":2,"EndEasingType":2,"BoneName":""},"SlowEffect":{"Enable":0,"StartDelay":0,"StartDuration":0,"Duration":1.55,"EndDuration":0.1,"To":0.9},"ForcePlayNoTarget":0,"ParameterTarget":0,"ChangeSortDatas":[],"ScaleChangers":[],"DisableOtherCharaOnStart":0,"BlackOutTime":0,"BlackoutEndWithMotion":0,"ForceComboDamage":0,"BlackoutColor":{"r":0,"g":0,"b":0,"a":0.9607843},"CutInMovieFadeStartTime":1.9,"CutInMovieFadeDurationTime":0.1,"CutInSkipTime":0,"ForceCutinOff":0,"SkillMotionType":2,"TrackDamageNum":1,"PauseStopState":0,"BranchIds":[{"data":0}],"SpeedUpWithCutinVoice":{"Voice1List":[],"Voice2List":[]},"SpeedUpNoCutinVoice":{"Voice1List":[],"Voice2List":[]},"NormalWithCutinVoice":{"Voice1List":[],"Voice2List":[]},"NormalNoCutinVoice":{"Voice1List":[],"Voice2List":[]}}},{"data":{"IsPrincessForm":0,"PrincessSkillMovieDataList":[],"ActionParametersOnPrefab":[{"data":{"Visible":1,"ActionType":17,"Details":[{"data":{"Visible":1,"ExecTimeForPrefab":[{"data":{"Time":0,"DamageNumType":0,"Weight":1,"DamageNumScale":1}}],"ExecTimeCombo":[],"ActionId":300301601,"ActionEffectList":[]}},{"data":{"Visible":0,"ExecTimeForPrefab":[],"ExecTimeCombo":[],"ActionId":0,"ActionEffectList":[]}}],"KnockAnimationCurve":{"m_Curve":[],"m_PreInfinity":2,"m_PostInfinity":2,"m_RotationOrder":4},"KnockDownAnimationCurve":{"m_Curve":[],"m_PreInfinity":2,"m_PostInfinity":2,"m_RotationOrder":4},"EffectType":0}},{"data":{"Visible":1,"ActionType":73,"Details":[{"data":{"Visible":1,"ExecTimeForPrefab":[{"data":{"Time":0,"DamageNumType":0,"Weight":1,"DamageNumScale":1}}],"ExecTimeCombo":[],"ActionId":300301602,"ActionEffectList":[]}},{"data":{"Visible":0,"ExecTimeForPrefab":[],"ExecTimeCombo":[],"ActionId":0,"ActionEffectList":[]}}],"KnockAnimationCurve":{"m_Curve":[],"m_PreInfinity":2,"m_PostInfinity":2,"m_RotationOrder":4},"KnockDownAnimationCurve":{"m_Curve":[],"m_PreInfinity":2,"m_PostInfinity":2,"m_RotationOrder":4},"EffectType":0}},{"data":{"Visible":1,"ActionType":10,"Details":[{"data":{"Visible":1,"ExecTimeForPrefab":[{"data":{"Time":0,"DamageNumType":0,"Weight":1,"DamageNumScale":1}}],"ExecTimeCombo":[],"ActionId":300301603,"ActionEffectList":[]}},{"data":{"Visible":1,"ExecTimeForPrefab":[{"data":{"Time":0,"DamageNumType":0,"Weight":1,"DamageNumScale":1}}],"ExecTimeCombo":[],"ActionId":300301604,"ActionEffectList":[]}},{"data":{"Visible":0,"ExecTimeForPrefab":[],"ExecTimeCombo":[],"ActionId":0,"ActionEffectList":[]}}],"KnockAnimationCurve":{"m_Curve":[],"m_PreInfinity":2,"m_PostInfinity":2,"m_RotationOrder":4},"KnockDownAnimationCurve":{"m_Curve":[],"m_PreInfinity":2,"m_PostInfinity":2,"m_RotationOrder":4},"EffectType":0}}],"SkillEffects":[],"ShakeEffects":[],"BlurEffects":[],"ZoomEffect":{"Enable":0,"ConsiderScreenSize":1,"StartDelay":0,"StartDuration":0.15,"Duration":1.55,"EndDuration":0.1,"To":0.9,"ZoomTarget":0,"OffsetY":0,"OffsetX":0,"UseYBottom":0,"ZoomEffectList":[],"StartEasingType":2,"EndEasingType":2,"BoneName":""},"SlowEffect":{"Enable":0,"StartDelay":0,"StartDuration":0,"Duration":1.55,"EndDuration":0.1,"To":0.9},"ForcePlayNoTarget":0,"ParameterTarget":0,"ChangeSortDatas":[],"ScaleChangers":[],"DisableOtherCharaOnStart":0,"BlackOutTime":0,"BlackoutEndWithMotion":0,"ForceComboDamage":0,"BlackoutColor":{"r":0,"g":0,"b":0,"a":0.9607843},"CutInMovieFadeStartTime":1.9,"CutInMovieFadeDurationTime":0.1,"CutInSkipTime":0,"ForceCutinOff":0,"SkillMotionType":3,"TrackDamageNum":1,"PauseStopState":0,"BranchIds":[],"SpeedUpWithCutinVoice":{"Voice1List":[],"Voice2List":[]},"SpeedUpNoCutinVoice":{"Voice1List":[],"Voice2List":[]},"NormalWithCutinVoice":{"Voice1List":[],"Voice2List":[]},"NormalNoCutinVoice":{"Voice1List":[],"Voice2List":[]}}}],"SpecialSkillList":[],"SpecialSkillEvolutionList":[],"UnionBurstEvolutionList":[],"MainSkillEvolutionList":[],"SubUnionBurstList":[],"Annihilation":{"IsPrincessForm":0,"PrincessSkillMovieDataList":[],"ActionParametersOnPrefab":[],"SkillEffects":[],"ShakeEffects":[],"BlurEffects":[],"ZoomEffect":{"Enable":0,"ConsiderScreenSize":1,"StartDelay":0,"StartDuration":0.15,"Duration":1.55,"EndDuration":0.1,"To":0.9,"ZoomTarget":0,"OffsetY":0,"OffsetX":0,"UseYBottom":0,"ZoomEffectList":[],"StartEasingType":2,"EndEasingType":2,"BoneName":""},"SlowEffect":{"Enable":0,"StartDelay":0,"StartDuration":0,"Duration":1.55,"EndDuration":0.1,"To":0.9},"ForcePlayNoTarget":0,"ParameterTarget":0,"ChangeSortDatas":[],"ScaleChangers":[],"DisableOtherCharaOnStart":0,"BlackOutTime":0,"BlackoutEndWithMotion":0,"ForceComboDamage":0,"BlackoutColor":{"r":0,"g":0,"b":0,"a":0.9607843},"CutInMovieFadeStartTime":1.9,"CutInMovieFadeDurationTime":0.1,"CutInSkipTime":0,"ForceCutinOff":0,"SkillMotionType":0,"TrackDamageNum":1,"PauseStopState":0,"BranchIds":[],"SpeedUpWithCutinVoice":{"Voice1List":[],"Voice2List":[]},"SpeedUpNoCutinVoice":{"Voice1List":[],"Voice2List":[]},"NormalWithCutinVoice":{"Voice1List":[],"Voice2List":[]},"NormalNoCutinVoice":{"Voice1List":[],"Voice2List":[]}}}