{"m_GameObject":{"m_FileID":0,"m_PathID":7202506308696310603},"m_Enabled":1,"m_Script":{"m_FileID":0,"m_PathID":-8769737722289236995},"m_Name":"","AttackDetail":{"Visible":0,"ExecTimeForPrefab":[{"data":{"Time":0.95,"DamageNumType":0,"Weight":1,"DamageNumScale":1}}],"ExecTimeCombo":[],"ActionId":0,"ActionEffectList":[]},"UseDefaultDelay":1,"Attack":{"IsPrincessForm":0,"PrincessSkillMovieDataList":[],"ActionParametersOnPrefab":[],"SkillEffects":[{"data":{"Prefab":{"m_FileID":1,"m_PathID":-501443803583147113},"PrefabLeft":{"m_FileID":1,"m_PathID":-4405086547732101595},"ExecTime":[{"data":0.67}],"IsReaction":0,"FireArmEndEffects":[],"TargetActionIsReflexive":0,"TargetActionIndex":0,"TargetActionId":0,"FireActionId":-1,"TargetMotionIndex":0,"EffectBehavior":0,"EffectTarget":0,"TargetBone":0,"FireArmEndTarget":1,"FireArmEndTargetBone":0,"TrackType":0,"TrackDimension":3,"TargetBoneName":"","TrackRotation":0,"DestroyOnEnemyDead":0,"CenterY":0,"DeltaY":0,"TrackTarget":0,"Height":0,"IsAbsoluteFireArm":0,"AbsoluteFireDistance":0,"ShakeEffects":[],"TargetBranchId":0,"PlayWithCutIn":0}},{"data":{"Prefab":{"m_FileID":1,"m_PathID":4343793665908626702},"PrefabLeft":{"m_FileID":1,"m_PathID":-2822903320065045467},"ExecTime":[{"data":0.89}],"IsReaction":0,"FireArmEndEffects":[],"TargetActionIsReflexive":0,"TargetActionIndex":0,"TargetActionId":0,"FireActionId":-1,"TargetMotionIndex":0,"EffectBehavior":0,"EffectTarget":0,"TargetBone":0,"FireArmEndTarget":1,"FireArmEndTargetBone":0,"TrackType":0,"TrackDimension":3,"TargetBoneName":"","TrackRotation":0,"DestroyOnEnemyDead":0,"CenterY":0,"DeltaY":0,"TrackTarget":0,"Height":0,"IsAbsoluteFireArm":0,"AbsoluteFireDistance":0,"ShakeEffects":[],"TargetBranchId":0,"PlayWithCutIn":0}}],"ShakeEffects":[{"data":{"ShakeType":0,"StartTime":0.9,"Duration":0.4,"TargetMotion":0,"StartAmplitude":0.1,"EndAmplitude":0.020000000000000004,"StartFrequency":15,"EndFrequency":10,"Rotation":90}}],"BlurEffects":[],"ZoomEffect":{"Enable":0,"ConsiderScreenSize":1,"StartDelay":0,"StartDuration":0.15,"Duration":1.55,"EndDuration":0.1,"To":0.9,"ZoomTarget":0,"OffsetY":0,"OffsetX":0,"UseYBottom":0,"ZoomEffectList":[],"StartEasingType":2,"EndEasingType":2},"SlowEffect":{"Enable":0,"StartDelay":0,"StartDuration":0,"Duration":1.55,"EndDuration":0.1,"To":0.9},"ForcePlayNoTarget":0,"ParameterTarget":0,"ChangeSortDatas":[],"ScaleChangers":[],"DisableOtherCharaOnStart":0,"BlackOutTime":0,"BlackoutEndWithMotion":0,"ForceComboDamage":0,"BlackoutColor":{"r":0,"g":0,"b":0,"a":0.9607843},"CutInMovieFadeStartTime":1.9,"CutInMovieFadeDurationTime":0.1,"CutInSkipTime":0,"ForceCutinOff":0,"SkillMotionType":0,"TrackDamageNum":1,"PauseStopState":0,"BranchIds":[{"data":0}],"SpeedUpWithCutinVoice":{"Voice1List":[],"Voice2List":[]},"SpeedUpNoCutinVoice":{"Voice1List":[],"Voice2List":[]},"NormalWithCutinVoice":{"Voice1List":[],"Voice2List":[]},"NormalNoCutinVoice":{"Voice1List":[],"Voice2List":[]}},"UnionBurstList":[{"data":{"IsPrincessForm":0,"PrincessSkillMovieDataList":[],"ActionParametersOnPrefab":[{"data":{"Visible":1,"ActionType":1,"Details":[{"data":{"Visible":1,"ExecTimeForPrefab":[{"data":{"Time":2.5,"DamageNumType":0,"Weight":1,"DamageNumScale":1}}],"ExecTimeCombo":[],"ActionId":305700101,"ActionEffectList":[]}},{"data":{"Visible":0,"ExecTimeForPrefab":[],"ExecTimeCombo":[],"ActionId":0,"ActionEffectList":[]}}],"KnockAnimationCurve":{"m_Curve":[],"m_PreInfinity":2,"m_PostInfinity":2,"m_RotationOrder":4},"KnockDownAnimationCurve":{"m_Curve":[],"m_PreInfinity":2,"m_PostInfinity":2,"m_RotationOrder":4},"EffectType":0}},{"data":{"Visible":1,"ActionType":10,"Details":[{"data":{"Visible":1,"ExecTimeForPrefab":[{"data":{"Time":2.6,"DamageNumType":0,"Weight":1,"DamageNumScale":1}}],"ExecTimeCombo":[],"ActionId":305700102,"ActionEffectList":[]}},{"data":{"Visible":1,"ExecTimeForPrefab":[{"data":{"Time":2.6,"DamageNumType":0,"Weight":1,"DamageNumScale":1}}],"ExecTimeCombo":[],"ActionId":305700103,"ActionEffectList":[]}},{"data":{"Visible":0,"ExecTimeForPrefab":[],"ExecTimeCombo":[],"ActionId":0,"ActionEffectList":[]}}],"KnockAnimationCurve":{"m_Curve":[],"m_PreInfinity":2,"m_PostInfinity":2,"m_RotationOrder":4},"KnockDownAnimationCurve":{"m_Curve":[],"m_PreInfinity":2,"m_PostInfinity":2,"m_RotationOrder":4},"EffectType":0}}],"SkillEffects":[{"data":{"Prefab":{"m_FileID":1,"m_PathID":-108075427144007638},"PrefabLeft":{"m_FileID":1,"m_PathID":-108075427144007638},"ExecTime":[{"data":0}],"IsReaction":0,"FireArmEndEffects":[],"TargetActionIsReflexive":0,"TargetActionIndex":0,"TargetActionId":0,"FireActionId":-1,"TargetMotionIndex":0,"EffectBehavior":2,"EffectTarget":0,"TargetBone":0,"FireArmEndTarget":1,"FireArmEndTargetBone":0,"TrackType":0,"TrackDimension":3,"TargetBoneName":"","TrackRotation":0,"DestroyOnEnemyDead":0,"CenterY":0,"DeltaY":0,"TrackTarget":0,"Height":0,"IsAbsoluteFireArm":0,"AbsoluteFireDistance":0,"ShakeEffects":[],"TargetBranchId":0,"PlayWithCutIn":1}},{"data":{"Prefab":{"m_FileID":1,"m_PathID":4794469919284819533},"PrefabLeft":{"m_FileID":1,"m_PathID":4743530446515484825},"ExecTime":[{"data":0.6}],"IsReaction":0,"FireArmEndEffects":[],"TargetActionIsReflexive":0,"TargetActionIndex":0,"TargetActionId":0,"FireActionId":-1,"TargetMotionIndex":0,"EffectBehavior":0,"EffectTarget":0,"TargetBone":0,"FireArmEndTarget":1,"FireArmEndTargetBone":0,"TrackType":0,"TrackDimension":3,"TargetBoneName":"","TrackRotation":0,"DestroyOnEnemyDead":0,"CenterY":0,"DeltaY":0,"TrackTarget":0,"Height":0,"IsAbsoluteFireArm":0,"AbsoluteFireDistance":0,"ShakeEffects":[],"TargetBranchId":0,"PlayWithCutIn":1}},{"data":{"Prefab":{"m_FileID":1,"m_PathID":1467158379329842669},"PrefabLeft":{"m_FileID":1,"m_PathID":1467158379329842669},"ExecTime":[{"data":0.7}],"IsReaction":0,"FireArmEndEffects":[],"TargetActionIsReflexive":0,"TargetActionIndex":0,"TargetActionId":0,"FireActionId":-1,"TargetMotionIndex":0,"EffectBehavior":0,"EffectTarget":0,"TargetBone":0,"FireArmEndTarget":1,"FireArmEndTargetBone":0,"TrackType":0,"TrackDimension":3,"TargetBoneName":"","TrackRotation":0,"DestroyOnEnemyDead":0,"CenterY":0,"DeltaY":0,"TrackTarget":0,"Height":0,"IsAbsoluteFireArm":0,"AbsoluteFireDistance":0,"ShakeEffects":[],"TargetBranchId":0,"PlayWithCutIn":1}},{"data":{"Prefab":{"m_FileID":1,"m_PathID":8621255740659259836},"PrefabLeft":{"m_FileID":1,"m_PathID":-7961623799742102767},"ExecTime":[{"data":1.766667}],"IsReaction":0,"FireArmEndEffects":[],"TargetActionIsReflexive":0,"TargetActionIndex":0,"TargetActionId":0,"FireActionId":-1,"TargetMotionIndex":0,"EffectBehavior":0,"EffectTarget":0,"TargetBone":4,"FireArmEndTarget":1,"FireArmEndTargetBone":0,"TrackType":0,"TrackDimension":0,"TargetBoneName":"ax","TrackRotation":0,"DestroyOnEnemyDead":0,"CenterY":0,"DeltaY":0,"TrackTarget":0,"Height":0,"IsAbsoluteFireArm":0,"AbsoluteFireDistance":0,"ShakeEffects":[],"TargetBranchId":0,"PlayWithCutIn":1}},{"data":{"Prefab":{"m_FileID":1,"m_PathID":2711773769096273822},"PrefabLeft":{"m_FileID":1,"m_PathID":-5685758993286256743},"ExecTime":[{"data":2.3000000000000003}],"IsReaction":0,"FireArmEndEffects":[],"TargetActionIsReflexive":0,"TargetActionIndex":0,"TargetActionId":0,"FireActionId":-1,"TargetMotionIndex":0,"EffectBehavior":0,"EffectTarget":0,"TargetBone":0,"FireArmEndTarget":1,"FireArmEndTargetBone":0,"TrackType":0,"TrackDimension":3,"TargetBoneName":"","TrackRotation":0,"DestroyOnEnemyDead":0,"CenterY":0,"DeltaY":0,"TrackTarget":0,"Height":0,"IsAbsoluteFireArm":0,"AbsoluteFireDistance":0,"ShakeEffects":[],"TargetBranchId":0,"PlayWithCutIn":1}},{"data":{"Prefab":{"m_FileID":1,"m_PathID":4415080543995426386},"PrefabLeft":{"m_FileID":1,"m_PathID":-5208964930059204275},"ExecTime":[{"data":2.3000000000000003}],"IsReaction":0,"FireArmEndEffects":[],"TargetActionIsReflexive":0,"TargetActionIndex":0,"TargetActionId":0,"FireActionId":-1,"TargetMotionIndex":0,"EffectBehavior":0,"EffectTarget":0,"TargetBone":0,"FireArmEndTarget":1,"FireArmEndTargetBone":0,"TrackType":0,"TrackDimension":3,"TargetBoneName":"","TrackRotation":0,"DestroyOnEnemyDead":0,"CenterY":0,"DeltaY":0,"TrackTarget":0,"Height":0,"IsAbsoluteFireArm":0,"AbsoluteFireDistance":0,"ShakeEffects":[],"TargetBranchId":0,"PlayWithCutIn":1}},{"data":{"Prefab":{"m_FileID":1,"m_PathID":-8573030344980380004},"PrefabLeft":{"m_FileID":1,"m_PathID":6707743724211838178},"ExecTime":[{"data":2.05}],"IsReaction":0,"FireArmEndEffects":[],"TargetActionIsReflexive":0,"TargetActionIndex":0,"TargetActionId":0,"FireActionId":-1,"TargetMotionIndex":0,"EffectBehavior":0,"EffectTarget":0,"TargetBone":4,"FireArmEndTarget":1,"FireArmEndTargetBone":0,"TrackType":0,"TrackDimension":0,"TargetBoneName":"ax","TrackRotation":0,"DestroyOnEnemyDead":0,"CenterY":0,"DeltaY":0,"TrackTarget":0,"Height":0,"IsAbsoluteFireArm":0,"AbsoluteFireDistance":0,"ShakeEffects":[],"TargetBranchId":0,"PlayWithCutIn":1}}],"ShakeEffects":[{"data":{"ShakeType":0,"StartTime":0.7,"Duration":0.5,"TargetMotion":0,"StartAmplitude":0.2,"EndAmplitude":0.020000000000000004,"StartFrequency":18,"EndFrequency":15,"Rotation":90}},{"data":{"ShakeType":0,"StartTime":2.3000000000000003,"Duration":0.8,"TargetMotion":0,"StartAmplitude":0.3,"EndAmplitude":0.020000000000000004,"StartFrequency":15,"EndFrequency":10,"Rotation":90}}],"BlurEffects":[],"ZoomEffect":{"Enable":1,"ConsiderScreenSize":0,"StartDelay":0,"StartDuration":0,"Duration":0.65,"EndDuration":0.1,"To":1,"ZoomTarget":0,"OffsetY":0.25,"OffsetX":0.7,"UseYBottom":0,"ZoomEffectList":[{"data":{"StartDuration":0.1,"Duration":0.85,"To":0.8,"OffsetX":0.45,"OffsetY":0.25,"ZoomTarget":0,"StartEasingType":2,"UseYBottom":0}},{"data":{"StartDuration":0.4,"Duration":0.25,"To":0.6,"OffsetX":0.45,"OffsetY":0,"ZoomTarget":0,"StartEasingType":2,"UseYBottom":0}}],"StartEasingType":3,"EndEasingType":2},"SlowEffect":{"Enable":1,"StartDelay":2.3499999999999996,"StartDuration":0,"Duration":0.1,"EndDuration":0,"To":0.2},"ForcePlayNoTarget":0,"ParameterTarget":0,"ChangeSortDatas":[],"ScaleChangers":[],"DisableOtherCharaOnStart":0,"BlackOutTime":3.3000000000000003,"BlackoutEndWithMotion":0,"ForceComboDamage":0,"BlackoutColor":{"r":0,"g":0,"b":0,"a":1},"CutInMovieFadeStartTime":1.9,"CutInMovieFadeDurationTime":0.2,"CutInSkipTime":0,"ForceCutinOff":0,"SkillMotionType":0,"TrackDamageNum":1,"PauseStopState":0,"BranchIds":[{"data":0}],"SpeedUpWithCutinVoice":{"Voice1List":[],"Voice2List":[]},"SpeedUpNoCutinVoice":{"Voice1List":[],"Voice2List":[]},"NormalWithCutinVoice":{"Voice1List":[],"Voice2List":[]},"NormalNoCutinVoice":{"Voice1List":[],"Voice2List":[]}}}],"MainSkillList":[{"data":{"IsPrincessForm":0,"PrincessSkillMovieDataList":[],"ActionParametersOnPrefab":[{"data":{"Visible":0,"ActionType":1,"Details":[{"data":{"Visible":0,"ExecTimeForPrefab":[{"data":{"Time":0.83,"DamageNumType":0,"Weight":1,"DamageNumScale":1}},{"data":{"Time":1.1700000000000002,"DamageNumType":0,"Weight":1,"DamageNumScale":1}},{"data":{"Time":1.3,"DamageNumType":0,"Weight":1,"DamageNumScale":1}},{"data":{"Time":1.6,"DamageNumType":0,"Weight":1,"DamageNumScale":1}},{"data":{"Time":1.9700000000000002,"DamageNumType":0,"Weight":1,"DamageNumScale":1}},{"data":{"Time":2.07,"DamageNumType":0,"Weight":1,"DamageNumScale":1}}],"ExecTimeCombo":[],"ActionId":304900201,"ActionEffectList":[]}},{"data":{"Visible":0,"ExecTimeForPrefab":[],"ExecTimeCombo":[],"ActionId":0,"ActionEffectList":[]}}],"KnockAnimationCurve":{"m_Curve":[],"m_PreInfinity":2,"m_PostInfinity":2,"m_RotationOrder":4},"KnockDownAnimationCurve":{"m_Curve":[],"m_PreInfinity":2,"m_PostInfinity":2,"m_RotationOrder":4},"EffectType":0}},{"data":{"Visible":0,"ActionType":10,"Details":[{"data":{"Visible":0,"ExecTimeForPrefab":[{"data":{"Time":1,"DamageNumType":0,"Weight":1,"DamageNumScale":1}}],"ExecTimeCombo":[],"ActionId":304900202,"ActionEffectList":[]}},{"data":{"Visible":0,"ExecTimeForPrefab":[],"ExecTimeCombo":[],"ActionId":0,"ActionEffectList":[]}}],"KnockAnimationCurve":{"m_Curve":[],"m_PreInfinity":2,"m_PostInfinity":2,"m_RotationOrder":4},"KnockDownAnimationCurve":{"m_Curve":[],"m_PreInfinity":2,"m_PostInfinity":2,"m_RotationOrder":4},"EffectType":0}},{"data":{"Visible":1,"ActionType":17,"Details":[{"data":{"Visible":1,"ExecTimeForPrefab":[{"data":{"Time":0,"DamageNumType":0,"Weight":1,"DamageNumScale":1}}],"ExecTimeCombo":[],"ActionId":305700201,"ActionEffectList":[]}},{"data":{"Visible":0,"ExecTimeForPrefab":[],"ExecTimeCombo":[],"ActionId":0,"ActionEffectList":[]}}],"KnockAnimationCurve":{"m_Curve":[],"m_PreInfinity":2,"m_PostInfinity":2,"m_RotationOrder":4},"KnockDownAnimationCurve":{"m_Curve":[],"m_PreInfinity":2,"m_PostInfinity":2,"m_RotationOrder":4},"EffectType":0}},{"data":{"Visible":1,"ActionType":73,"Details":[{"data":{"Visible":1,"ExecTimeForPrefab":[{"data":{"Time":0,"DamageNumType":0,"Weight":1,"DamageNumScale":1}}],"ExecTimeCombo":[],"ActionId":305700202,"ActionEffectList":[]}},{"data":{"Visible":0,"ExecTimeForPrefab":[],"ExecTimeCombo":[],"ActionId":0,"ActionEffectList":[]}}],"KnockAnimationCurve":{"m_Curve":[],"m_PreInfinity":2,"m_PostInfinity":2,"m_RotationOrder":4},"KnockDownAnimationCurve":{"m_Curve":[],"m_PreInfinity":2,"m_PostInfinity":2,"m_RotationOrder":4},"EffectType":0}}],"SkillEffects":[],"ShakeEffects":[],"BlurEffects":[],"ZoomEffect":{"Enable":0,"ConsiderScreenSize":1,"StartDelay":0,"StartDuration":0.15,"Duration":1.9700000000000002,"EndDuration":0.15,"To":0.9,"ZoomTarget":0,"OffsetY":0,"OffsetX":0,"UseYBottom":0,"ZoomEffectList":[],"StartEasingType":2,"EndEasingType":2},"SlowEffect":{"Enable":0,"StartDelay":0,"StartDuration":0,"Duration":1.55,"EndDuration":0.1,"To":0.9},"ForcePlayNoTarget":0,"ParameterTarget":0,"ChangeSortDatas":[],"ScaleChangers":[],"DisableOtherCharaOnStart":0,"BlackOutTime":0,"BlackoutEndWithMotion":0,"ForceComboDamage":0,"BlackoutColor":{"r":0,"g":0,"b":0,"a":0.9607843},"CutInMovieFadeStartTime":1.9,"CutInMovieFadeDurationTime":0.1,"CutInSkipTime":0,"ForceCutinOff":0,"SkillMotionType":3,"TrackDamageNum":1,"PauseStopState":0,"BranchIds":[],"SpeedUpWithCutinVoice":{"Voice1List":[],"Voice2List":[]},"SpeedUpNoCutinVoice":{"Voice1List":[],"Voice2List":[]},"NormalWithCutinVoice":{"Voice1List":[],"Voice2List":[]},"NormalNoCutinVoice":{"Voice1List":[],"Voice2List":[]}}}],"SpecialSkillList":[],"SpecialSkillEvolutionList":[],"UnionBurstEvolutionList":[],"MainSkillEvolutionList":[],"SubUnionBurstList":[],"Annihilation":{"IsPrincessForm":0,"PrincessSkillMovieDataList":[],"ActionParametersOnPrefab":[],"SkillEffects":[],"ShakeEffects":[],"BlurEffects":[],"ZoomEffect":{"Enable":0,"ConsiderScreenSize":1,"StartDelay":0,"StartDuration":0.15,"Duration":1.55,"EndDuration":0.1,"To":0.9,"ZoomTarget":0,"OffsetY":0,"OffsetX":0,"UseYBottom":0,"ZoomEffectList":[],"StartEasingType":2,"EndEasingType":2},"SlowEffect":{"Enable":0,"StartDelay":0,"StartDuration":0,"Duration":1.55,"EndDuration":0.1,"To":0.9},"ForcePlayNoTarget":0,"ParameterTarget":0,"ChangeSortDatas":[],"ScaleChangers":[],"DisableOtherCharaOnStart":0,"BlackOutTime":0,"BlackoutEndWithMotion":0,"ForceComboDamage":0,"BlackoutColor":{"r":0,"g":0,"b":0,"a":0.9607843},"CutInMovieFadeStartTime":1.9,"CutInMovieFadeDurationTime":0.1,"CutInSkipTime":0,"ForceCutinOff":0,"SkillMotionType":0,"TrackDamageNum":1,"PauseStopState":0,"BranchIds":[],"SpeedUpWithCutinVoice":{"Voice1List":[],"Voice2List":[]},"SpeedUpNoCutinVoice":{"Voice1List":[],"Voice2List":[]},"NormalWithCutinVoice":{"Voice1List":[],"Voice2List":[]},"NormalNoCutinVoice":{"Voice1List":[],"Voice2List":[]}}}