{"m_GameObject":{"m_FileID":0,"m_PathID":7211784484841556468},"m_Enabled":1,"m_Script":{"m_FileID":0,"m_PathID":-8769737722289236995},"m_Name":"","AttackDetail":{"Visible":0,"ExecTimeForPrefab":[{"data":{"Time":0,"DamageNumType":0,"Weight":1,"DamageNumScale":1}}],"ExecTimeCombo":[],"ActionId":0,"ActionEffectList":[]},"UseDefaultDelay":0,"Attack":{"IsPrincessForm":0,"PrincessSkillMovieDataList":[],"ActionParametersOnPrefab":[{"data":{"Visible":1,"ActionType":0,"Details":[{"data":{"Visible":1,"ExecTimeForPrefab":[{"data":{"Time":0,"DamageNumType":0,"Weight":1,"DamageNumScale":1}}],"ExecTimeCombo":[],"ActionId":0,"ActionEffectList":[]}}],"KnockAnimationCurve":{"m_Curve":[],"m_PreInfinity":2,"m_PostInfinity":2,"m_RotationOrder":4},"KnockDownAnimationCurve":{"m_Curve":[],"m_PreInfinity":2,"m_PostInfinity":2,"m_RotationOrder":4},"EffectType":0}}],"SkillEffects":[{"data":{"Prefab":{"m_FileID":1,"m_PathID":-4693640592182515210},"PrefabLeft":{"m_FileID":1,"m_PathID":-4693640592182515210},"ExecTime":[{"data":0.62}],"IsReaction":0,"FireArmEndEffects":[],"TargetActionIsReflexive":0,"TargetActionIndex":0,"TargetActionId":0,"FireActionId":0,"TargetMotionIndex":0,"EffectBehavior":1,"EffectTarget":0,"TargetBone":2,"FireArmEndTarget":2,"FireArmEndTargetBone":3,"TrackType":0,"TrackDimension":0,"TargetBoneName":"","TrackRotation":0,"DestroyOnEnemyDead":0,"CenterY":0,"DeltaY":0,"TrackTarget":0,"Height":0,"IsAbsoluteFireArm":0,"AbsoluteFireDistance":0,"ShakeEffects":[],"TargetBranchId":0,"PlayWithCutIn":0}}],"ShakeEffects":[],"BlurEffects":[],"ZoomEffect":{"Enable":0,"ConsiderScreenSize":1,"StartDelay":0,"StartDuration":0.15,"Duration":1.55,"EndDuration":0.1,"To":0.9,"ZoomTarget":0,"OffsetY":0,"OffsetX":0,"UseYBottom":0,"ZoomEffectList":[],"StartEasingType":2,"EndEasingType":2,"BoneName":""},"SlowEffect":{"Enable":0,"StartDelay":0,"StartDuration":0,"Duration":1.55,"EndDuration":0.1,"To":0.9},"ForcePlayNoTarget":0,"ParameterTarget":0,"ChangeSortDatas":[],"ScaleChangers":[],"DisableOtherCharaOnStart":0,"BlackOutTime":0,"BlackoutEndWithMotion":0,"ForceComboDamage":0,"BlackoutColor":{"r":0,"g":0,"b":0,"a":0.9607843},"CutInMovieFadeStartTime":1.9,"CutInMovieFadeDurationTime":0.1,"CutInSkipTime":0,"ForceCutinOff":0,"SkillMotionType":0,"TrackDamageNum":1,"PauseStopState":0,"BranchIds":[{"data":0}],"SpeedUpWithCutinVoice":{"Voice1List":[],"Voice2List":[]},"SpeedUpNoCutinVoice":{"Voice1List":[],"Voice2List":[]},"NormalWithCutinVoice":{"Voice1List":[],"Voice2List":[]},"NormalNoCutinVoice":{"Voice1List":[],"Voice2List":[]}},"UnionBurstList":[{"data":{"IsPrincessForm":0,"PrincessSkillMovieDataList":[],"ActionParametersOnPrefab":[{"data":{"Visible":0,"ActionType":1,"Details":[{"data":{"Visible":0,"ExecTimeForPrefab":[{"data":{"Time":3,"DamageNumType":0,"Weight":1,"DamageNumScale":1}}],"ExecTimeCombo":[],"ActionId":300404101,"ActionEffectList":[]}},{"data":{"Visible":0,"ExecTimeForPrefab":[],"ExecTimeCombo":[],"ActionId":0,"ActionEffectList":[]}}],"KnockAnimationCurve":{"m_Curve":[],"m_PreInfinity":2,"m_PostInfinity":2,"m_RotationOrder":4},"KnockDownAnimationCurve":{"m_Curve":[],"m_PreInfinity":2,"m_PostInfinity":2,"m_RotationOrder":4},"EffectType":0}},{"data":{"Visible":0,"ActionType":2,"Details":[{"data":{"Visible":0,"ExecTimeForPrefab":[{"data":{"Time":0,"DamageNumType":0,"Weight":1,"DamageNumScale":1}}],"ExecTimeCombo":[],"ActionId":300400101,"ActionEffectList":[]}},{"data":{"Visible":0,"ExecTimeForPrefab":[],"ExecTimeCombo":[],"ActionId":0,"ActionEffectList":[]}}],"KnockAnimationCurve":{"m_Curve":[],"m_PreInfinity":2,"m_PostInfinity":2,"m_RotationOrder":4},"KnockDownAnimationCurve":{"m_Curve":[],"m_PreInfinity":2,"m_PostInfinity":2,"m_RotationOrder":4},"EffectType":0}},{"data":{"Visible":0,"ActionType":12,"Details":[{"data":{"Visible":0,"ExecTimeForPrefab":[{"data":{"Time":0,"DamageNumType":0,"Weight":1,"DamageNumScale":1}}],"ExecTimeCombo":[],"ActionId":300400102,"ActionEffectList":[]}},{"data":{"Visible":0,"ExecTimeForPrefab":[],"ExecTimeCombo":[],"ActionId":0,"ActionEffectList":[]}}],"KnockAnimationCurve":{"m_Curve":[],"m_PreInfinity":2,"m_PostInfinity":2,"m_RotationOrder":4},"KnockDownAnimationCurve":{"m_Curve":[],"m_PreInfinity":2,"m_PostInfinity":2,"m_RotationOrder":4},"EffectType":0}},{"data":{"Visible":1,"ActionType":10,"Details":[{"data":{"Visible":1,"ExecTimeForPrefab":[{"data":{"Time":3.5,"DamageNumType":0,"Weight":1,"DamageNumScale":1}}],"ExecTimeCombo":[],"ActionId":300404101,"ActionEffectList":[]}},{"data":{"Visible":1,"ExecTimeForPrefab":[{"data":{"Time":4,"DamageNumType":0,"Weight":1,"DamageNumScale":1}}],"ExecTimeCombo":[],"ActionId":300404102,"ActionEffectList":[]}},{"data":{"Visible":0,"ExecTimeForPrefab":[],"ExecTimeCombo":[],"ActionId":0,"ActionEffectList":[]}}],"KnockAnimationCurve":{"m_Curve":[],"m_PreInfinity":2,"m_PostInfinity":2,"m_RotationOrder":4},"KnockDownAnimationCurve":{"m_Curve":[],"m_PreInfinity":2,"m_PostInfinity":2,"m_RotationOrder":4},"EffectType":0}},{"data":{"Visible":0,"ActionType":46,"Details":[{"data":{"Visible":0,"ExecTimeForPrefab":[{"data":{"Time":3,"DamageNumType":0,"Weight":1,"DamageNumScale":1}}],"ExecTimeCombo":[],"ActionId":300404101,"ActionEffectList":[]}},{"data":{"Visible":0,"ExecTimeForPrefab":[],"ExecTimeCombo":[],"ActionId":0,"ActionEffectList":[]}}],"KnockAnimationCurve":{"m_Curve":[],"m_PreInfinity":2,"m_PostInfinity":2,"m_RotationOrder":4},"KnockDownAnimationCurve":{"m_Curve":[],"m_PreInfinity":2,"m_PostInfinity":2,"m_RotationOrder":4},"EffectType":0}}],"SkillEffects":[{"data":{"Prefab":{"m_FileID":1,"m_PathID":-9132406907888696231},"PrefabLeft":{"m_FileID":1,"m_PathID":-9132406907888696231},"ExecTime":[{"data":0}],"IsReaction":0,"FireArmEndEffects":[],"TargetActionIsReflexive":0,"TargetActionIndex":0,"TargetActionId":300403101,"FireActionId":-1,"TargetMotionIndex":0,"EffectBehavior":0,"EffectTarget":0,"TargetBone":0,"FireArmEndTarget":1,"FireArmEndTargetBone":0,"TrackType":0,"TrackDimension":0,"TargetBoneName":"","TrackRotation":0,"DestroyOnEnemyDead":0,"CenterY":0,"DeltaY":0,"TrackTarget":0,"Height":0,"IsAbsoluteFireArm":0,"AbsoluteFireDistance":0,"ShakeEffects":[],"TargetBranchId":0,"PlayWithCutIn":1}},{"data":{"Prefab":{"m_FileID":1,"m_PathID":-4438122043845595514},"PrefabLeft":{"m_FileID":1,"m_PathID":-4438122043845595514},"ExecTime":[{"data":2.6}],"IsReaction":0,"FireArmEndEffects":[],"TargetActionIsReflexive":0,"TargetActionIndex":0,"TargetActionId":300403101,"FireActionId":-1,"TargetMotionIndex":0,"EffectBehavior":0,"EffectTarget":0,"TargetBone":0,"FireArmEndTarget":1,"FireArmEndTargetBone":0,"TrackType":2,"TrackDimension":0,"TargetBoneName":"","TrackRotation":0,"DestroyOnEnemyDead":0,"CenterY":0,"DeltaY":0,"TrackTarget":0,"Height":0,"IsAbsoluteFireArm":0,"AbsoluteFireDistance":0,"ShakeEffects":[],"TargetBranchId":0,"PlayWithCutIn":1}},{"data":{"Prefab":{"m_FileID":1,"m_PathID":-2828811216543715038},"PrefabLeft":{"m_FileID":1,"m_PathID":-2828811216543715038},"ExecTime":[{"data":2.7}],"IsReaction":0,"FireArmEndEffects":[],"TargetActionIsReflexive":0,"TargetActionIndex":0,"TargetActionId":300403101,"FireActionId":-1,"TargetMotionIndex":0,"EffectBehavior":0,"EffectTarget":0,"TargetBone":0,"FireArmEndTarget":1,"FireArmEndTargetBone":0,"TrackType":2,"TrackDimension":0,"TargetBoneName":"","TrackRotation":0,"DestroyOnEnemyDead":0,"CenterY":0,"DeltaY":0,"TrackTarget":0,"Height":0,"IsAbsoluteFireArm":0,"AbsoluteFireDistance":0,"ShakeEffects":[],"TargetBranchId":0,"PlayWithCutIn":1}},{"data":{"Prefab":{"m_FileID":1,"m_PathID":3584053538476620039},"PrefabLeft":{"m_FileID":1,"m_PathID":3584053538476620039},"ExecTime":[{"data":3}],"IsReaction":0,"FireArmEndEffects":[],"TargetActionIsReflexive":0,"TargetActionIndex":0,"TargetActionId":300403101,"FireActionId":-1,"TargetMotionIndex":0,"EffectBehavior":0,"EffectTarget":0,"TargetBone":0,"FireArmEndTarget":1,"FireArmEndTargetBone":0,"TrackType":2,"TrackDimension":0,"TargetBoneName":"","TrackRotation":0,"DestroyOnEnemyDead":0,"CenterY":0,"DeltaY":0,"TrackTarget":0,"Height":0,"IsAbsoluteFireArm":0,"AbsoluteFireDistance":0,"ShakeEffects":[],"TargetBranchId":0,"PlayWithCutIn":1}},{"data":{"Prefab":{"m_FileID":1,"m_PathID":7084031788873963357},"PrefabLeft":{"m_FileID":1,"m_PathID":7084031788873963357},"ExecTime":[{"data":0}],"IsReaction":0,"FireArmEndEffects":[],"TargetActionIsReflexive":0,"TargetActionIndex":0,"TargetActionId":300403101,"FireActionId":-1,"TargetMotionIndex":0,"EffectBehavior":0,"EffectTarget":0,"TargetBone":0,"FireArmEndTarget":1,"FireArmEndTargetBone":0,"TrackType":2,"TrackDimension":0,"TargetBoneName":"","TrackRotation":0,"DestroyOnEnemyDead":0,"CenterY":0,"DeltaY":0,"TrackTarget":0,"Height":0,"IsAbsoluteFireArm":0,"AbsoluteFireDistance":0,"ShakeEffects":[],"TargetBranchId":0,"PlayWithCutIn":1}},{"data":{"Prefab":{"m_FileID":1,"m_PathID":7376583099172181135},"PrefabLeft":{"m_FileID":1,"m_PathID":7376583099172181135},"ExecTime":[{"data":0}],"IsReaction":0,"FireArmEndEffects":[],"TargetActionIsReflexive":0,"TargetActionIndex":0,"TargetActionId":0,"FireActionId":-1,"TargetMotionIndex":0,"EffectBehavior":2,"EffectTarget":0,"TargetBone":0,"FireArmEndTarget":1,"FireArmEndTargetBone":0,"TrackType":0,"TrackDimension":3,"TargetBoneName":"","TrackRotation":0,"DestroyOnEnemyDead":0,"CenterY":0,"DeltaY":0,"TrackTarget":0,"Height":0,"IsAbsoluteFireArm":0,"AbsoluteFireDistance":0,"ShakeEffects":[],"TargetBranchId":0,"PlayWithCutIn":1}}],"ShakeEffects":[{"data":{"ShakeType":0,"StartTime":3,"Duration":0.5,"TargetMotion":0,"StartAmplitude":0.1,"EndAmplitude":0,"StartFrequency":18,"EndFrequency":10,"Rotation":90}},{"data":{"ShakeType":0,"StartTime":3.2,"Duration":0.5,"TargetMotion":0,"StartAmplitude":0.1,"EndAmplitude":0,"StartFrequency":18,"EndFrequency":10,"Rotation":90}},{"data":{"ShakeType":0,"StartTime":3.4000000000000004,"Duration":0.5,"TargetMotion":0,"StartAmplitude":0.1,"EndAmplitude":0,"StartFrequency":18,"EndFrequency":10,"Rotation":90}},{"data":{"ShakeType":0,"StartTime":2.8000000000000003,"Duration":0.2,"TargetMotion":0,"StartAmplitude":0.1,"EndAmplitude":0.1,"StartFrequency":18,"EndFrequency":15,"Rotation":90}}],"BlurEffects":[],"ZoomEffect":{"Enable":1,"ConsiderScreenSize":0,"StartDelay":0,"StartDuration":0.15,"Duration":2.5,"EndDuration":0.15,"To":0.85,"ZoomTarget":0,"OffsetY":-0.1,"OffsetX":0,"UseYBottom":0,"ZoomEffectList":[],"StartEasingType":11,"EndEasingType":2,"BoneName":""},"SlowEffect":{"Enable":0,"StartDelay":0,"StartDuration":0,"Duration":1.55,"EndDuration":0.1,"To":0.9},"ForcePlayNoTarget":0,"ParameterTarget":0,"ChangeSortDatas":[],"ScaleChangers":[],"DisableOtherCharaOnStart":0,"BlackOutTime":4.5,"BlackoutEndWithMotion":0,"ForceComboDamage":0,"BlackoutColor":{"r":0,"g":0,"b":0,"a":1},"CutInMovieFadeStartTime":1.9,"CutInMovieFadeDurationTime":0.1,"CutInSkipTime":0,"ForceCutinOff":0,"SkillMotionType":0,"TrackDamageNum":1,"PauseStopState":0,"BranchIds":[{"data":0}],"SpeedUpWithCutinVoice":{"Voice1List":[],"Voice2List":[]},"SpeedUpNoCutinVoice":{"Voice1List":[],"Voice2List":[]},"NormalWithCutinVoice":{"Voice1List":[],"Voice2List":[]},"NormalNoCutinVoice":{"Voice1List":[],"Voice2List":[]}}}],"MainSkillList":[{"data":{"IsPrincessForm":0,"PrincessSkillMovieDataList":[],"ActionParametersOnPrefab":[{"data":{"Visible":1,"ActionType":1,"Details":[{"data":{"Visible":1,"ExecTimeForPrefab":[{"data":{"Time":0.8,"DamageNumType":0,"Weight":1,"DamageNumScale":1}}],"ExecTimeCombo":[],"ActionId":300404202,"ActionEffectList":[]}},{"data":{"Visible":1,"ExecTimeForPrefab":[{"data":{"Time":2.3000000000000003,"DamageNumType":0,"Weight":1,"DamageNumScale":1}}],"ExecTimeCombo":[],"ActionId":300404205,"ActionEffectList":[]}},{"data":{"Visible":0,"ExecTimeForPrefab":[],"ExecTimeCombo":[],"ActionId":0,"ActionEffectList":[]}}],"KnockAnimationCurve":{"m_Curve":[],"m_PreInfinity":2,"m_PostInfinity":2,"m_RotationOrder":4},"KnockDownAnimationCurve":{"m_Curve":[],"m_PreInfinity":2,"m_PostInfinity":2,"m_RotationOrder":4},"EffectType":0}},{"data":{"Visible":1,"ActionType":13,"Details":[{"data":{"Visible":1,"ExecTimeForPrefab":[{"data":{"Time":0.8,"DamageNumType":0,"Weight":1,"DamageNumScale":1}}],"ExecTimeCombo":[],"ActionId":300404203,"ActionEffectList":[]}},{"data":{"Visible":0,"ExecTimeForPrefab":[],"ExecTimeCombo":[],"ActionId":0,"ActionEffectList":[]}}],"KnockAnimationCurve":{"m_Curve":[],"m_PreInfinity":2,"m_PostInfinity":2,"m_RotationOrder":4},"KnockDownAnimationCurve":{"m_Curve":[],"m_PreInfinity":2,"m_PostInfinity":2,"m_RotationOrder":4},"EffectType":0}},{"data":{"Visible":0,"ActionType":12,"Details":[{"data":{"Visible":0,"ExecTimeForPrefab":[{"data":{"Time":0,"DamageNumType":0,"Weight":1,"DamageNumScale":1}}],"ExecTimeCombo":[],"ActionId":300400202,"ActionEffectList":[]}},{"data":{"Visible":0,"ExecTimeForPrefab":[],"ExecTimeCombo":[],"ActionId":0,"ActionEffectList":[]}}],"KnockAnimationCurve":{"m_Curve":[],"m_PreInfinity":2,"m_PostInfinity":2,"m_RotationOrder":4},"KnockDownAnimationCurve":{"m_Curve":[],"m_PreInfinity":2,"m_PostInfinity":2,"m_RotationOrder":4},"EffectType":0}},{"data":{"Visible":1,"ActionType":92,"Details":[{"data":{"Visible":1,"ExecTimeForPrefab":[{"data":{"Time":0,"DamageNumType":0,"Weight":1,"DamageNumScale":1}}],"ExecTimeCombo":[],"ActionId":300404201,"ActionEffectList":[]}},{"data":{"Visible":1,"ExecTimeForPrefab":[{"data":{"Time":0,"DamageNumType":0,"Weight":1,"DamageNumScale":1}}],"ExecTimeCombo":[],"ActionId":300404204,"ActionEffectList":[]}},{"data":{"Visible":0,"ExecTimeForPrefab":[],"ExecTimeCombo":[],"ActionId":0,"ActionEffectList":[]}}],"KnockAnimationCurve":{"m_Curve":[],"m_PreInfinity":2,"m_PostInfinity":2,"m_RotationOrder":4},"KnockDownAnimationCurve":{"m_Curve":[],"m_PreInfinity":2,"m_PostInfinity":2,"m_RotationOrder":4},"EffectType":0}}],"SkillEffects":[{"data":{"Prefab":{"m_FileID":1,"m_PathID":-6786522442784024732},"PrefabLeft":{"m_FileID":1,"m_PathID":-6786522442784024732},"ExecTime":[{"data":0.6}],"IsReaction":0,"FireArmEndEffects":[],"TargetActionIsReflexive":0,"TargetActionIndex":0,"TargetActionId":300404201,"FireActionId":-1,"TargetMotionIndex":0,"EffectBehavior":0,"EffectTarget":0,"TargetBone":0,"FireArmEndTarget":1,"FireArmEndTargetBone":0,"TrackType":2,"TrackDimension":0,"TargetBoneName":"","TrackRotation":0,"DestroyOnEnemyDead":0,"CenterY":0,"DeltaY":0,"TrackTarget":0,"Height":0,"IsAbsoluteFireArm":0,"AbsoluteFireDistance":0,"ShakeEffects":[],"TargetBranchId":0,"PlayWithCutIn":0}},{"data":{"Prefab":{"m_FileID":1,"m_PathID":-7520761056874043378},"PrefabLeft":{"m_FileID":1,"m_PathID":-7520761056874043378},"ExecTime":[{"data":0.6},{"data":2.1}],"IsReaction":0,"FireArmEndEffects":[],"TargetActionIsReflexive":0,"TargetActionIndex":0,"TargetActionId":300404201,"FireActionId":-1,"TargetMotionIndex":0,"EffectBehavior":0,"EffectTarget":0,"TargetBone":0,"FireArmEndTarget":1,"FireArmEndTargetBone":0,"TrackType":2,"TrackDimension":0,"TargetBoneName":"","TrackRotation":0,"DestroyOnEnemyDead":0,"CenterY":0,"DeltaY":0,"TrackTarget":0,"Height":0,"IsAbsoluteFireArm":0,"AbsoluteFireDistance":0,"ShakeEffects":[],"TargetBranchId":0,"PlayWithCutIn":0}}],"ShakeEffects":[],"BlurEffects":[],"ZoomEffect":{"Enable":1,"ConsiderScreenSize":1,"StartDelay":0,"StartDuration":0.15,"Duration":1.5,"EndDuration":0.15,"To":0.9,"ZoomTarget":0,"OffsetY":0,"OffsetX":0,"UseYBottom":0,"ZoomEffectList":[],"StartEasingType":12,"EndEasingType":2,"BoneName":""},"SlowEffect":{"Enable":0,"StartDelay":0,"StartDuration":0,"Duration":1.55,"EndDuration":0.1,"To":0.9},"ForcePlayNoTarget":0,"ParameterTarget":0,"ChangeSortDatas":[],"ScaleChangers":[],"DisableOtherCharaOnStart":0,"BlackOutTime":0,"BlackoutEndWithMotion":0,"ForceComboDamage":0,"BlackoutColor":{"r":0,"g":0,"b":0,"a":0.9607843},"CutInMovieFadeStartTime":1.9,"CutInMovieFadeDurationTime":0.1,"CutInSkipTime":0,"ForceCutinOff":0,"SkillMotionType":0,"TrackDamageNum":1,"PauseStopState":0,"BranchIds":[{"data":0}],"SpeedUpWithCutinVoice":{"Voice1List":[],"Voice2List":[]},"SpeedUpNoCutinVoice":{"Voice1List":[],"Voice2List":[]},"NormalWithCutinVoice":{"Voice1List":[],"Voice2List":[]},"NormalNoCutinVoice":{"Voice1List":[],"Voice2List":[]}}},{"data":{"IsPrincessForm":0,"PrincessSkillMovieDataList":[],"ActionParametersOnPrefab":[{"data":{"Visible":1,"ActionType":1,"Details":[{"data":{"Visible":1,"ExecTimeForPrefab":[{"data":{"Time":2.3000000000000003,"DamageNumType":0,"Weight":1,"DamageNumScale":1}}],"ExecTimeCombo":[],"ActionId":300404302,"ActionEffectList":[]}},{"data":{"Visible":0,"ExecTimeForPrefab":[],"ExecTimeCombo":[],"ActionId":0,"ActionEffectList":[]}}],"KnockAnimationCurve":{"m_Curve":[],"m_PreInfinity":2,"m_PostInfinity":2,"m_RotationOrder":4},"KnockDownAnimationCurve":{"m_Curve":[],"m_PreInfinity":2,"m_PostInfinity":2,"m_RotationOrder":4},"EffectType":0}},{"data":{"Visible":0,"ActionType":7,"Details":[{"data":{"Visible":0,"ExecTimeForPrefab":[{"data":{"Time":0,"DamageNumType":0,"Weight":1,"DamageNumScale":1}}],"ExecTimeCombo":[],"ActionId":300400301,"ActionEffectList":[]}},{"data":{"Visible":0,"ExecTimeForPrefab":[],"ExecTimeCombo":[],"ActionId":0,"ActionEffectList":[]}}],"KnockAnimationCurve":{"m_Curve":[],"m_PreInfinity":2,"m_PostInfinity":2,"m_RotationOrder":4},"KnockDownAnimationCurve":{"m_Curve":[],"m_PreInfinity":2,"m_PostInfinity":2,"m_RotationOrder":4},"EffectType":0}},{"data":{"Visible":1,"ActionType":16,"Details":[{"data":{"Visible":1,"ExecTimeForPrefab":[{"data":{"Time":0.4,"DamageNumType":0,"Weight":1,"DamageNumScale":1}}],"ExecTimeCombo":[],"ActionId":300404303,"ActionEffectList":[]}},{"data":{"Visible":0,"ExecTimeForPrefab":[],"ExecTimeCombo":[],"ActionId":0,"ActionEffectList":[]}}],"KnockAnimationCurve":{"m_Curve":[],"m_PreInfinity":2,"m_PostInfinity":2,"m_RotationOrder":4},"KnockDownAnimationCurve":{"m_Curve":[],"m_PreInfinity":2,"m_PostInfinity":2,"m_RotationOrder":4},"EffectType":0}},{"data":{"Visible":1,"ActionType":92,"Details":[{"data":{"Visible":1,"ExecTimeForPrefab":[{"data":{"Time":0,"DamageNumType":0,"Weight":1,"DamageNumScale":1}}],"ExecTimeCombo":[],"ActionId":300404301,"ActionEffectList":[]}},{"data":{"Visible":0,"ExecTimeForPrefab":[],"ExecTimeCombo":[],"ActionId":0,"ActionEffectList":[]}}],"KnockAnimationCurve":{"m_Curve":[],"m_PreInfinity":2,"m_PostInfinity":2,"m_RotationOrder":4},"KnockDownAnimationCurve":{"m_Curve":[],"m_PreInfinity":2,"m_PostInfinity":2,"m_RotationOrder":4},"EffectType":0}}],"SkillEffects":[{"data":{"Prefab":{"m_FileID":1,"m_PathID":-1148587513430072461},"PrefabLeft":{"m_FileID":1,"m_PathID":-1148587513430072461},"ExecTime":[{"data":0}],"IsReaction":0,"FireArmEndEffects":[],"TargetActionIsReflexive":0,"TargetActionIndex":0,"TargetActionId":300404303,"FireActionId":-1,"TargetMotionIndex":0,"EffectBehavior":0,"EffectTarget":0,"TargetBone":4,"FireArmEndTarget":1,"FireArmEndTargetBone":0,"TrackType":0,"TrackDimension":0,"TargetBoneName":"Center","TrackRotation":0,"DestroyOnEnemyDead":0,"CenterY":0,"DeltaY":0,"TrackTarget":0,"Height":0,"IsAbsoluteFireArm":0,"AbsoluteFireDistance":0,"ShakeEffects":[],"TargetBranchId":0,"PlayWithCutIn":0}},{"data":{"Prefab":{"m_FileID":1,"m_PathID":889769163334658234},"PrefabLeft":{"m_FileID":1,"m_PathID":889769163334658234},"ExecTime":[{"data":2}],"IsReaction":0,"FireArmEndEffects":[],"TargetActionIsReflexive":0,"TargetActionIndex":0,"TargetActionId":300404303,"FireActionId":-1,"TargetMotionIndex":0,"EffectBehavior":0,"EffectTarget":0,"TargetBone":0,"FireArmEndTarget":1,"FireArmEndTargetBone":0,"TrackType":0,"TrackDimension":0,"TargetBoneName":"","TrackRotation":0,"DestroyOnEnemyDead":0,"CenterY":0,"DeltaY":0,"TrackTarget":0,"Height":0,"IsAbsoluteFireArm":0,"AbsoluteFireDistance":0,"ShakeEffects":[],"TargetBranchId":0,"PlayWithCutIn":0}},{"data":{"Prefab":{"m_FileID":1,"m_PathID":1644230523217013977},"PrefabLeft":{"m_FileID":1,"m_PathID":1644230523217013977},"ExecTime":[{"data":2}],"IsReaction":0,"FireArmEndEffects":[{"data":{"Prefab":{"m_FileID":1,"m_PathID":7180126827572289292},"PrefabLeft":{"m_FileID":1,"m_PathID":7180126827572289292},"ExecTime":[{"data":0}],"IsReaction":0,"FireArmEndEffects":[],"TargetActionIsReflexive":0,"TargetActionIndex":0,"TargetActionId":300404303,"FireActionId":-1,"TargetMotionIndex":0,"EffectBehavior":0,"EffectTarget":2,"TargetBone":0,"FireArmEndTarget":1,"FireArmEndTargetBone":0,"TrackType":0,"TrackDimension":0,"TargetBoneName":"","TrackRotation":0,"DestroyOnEnemyDead":0,"CenterY":0,"DeltaY":0,"TrackTarget":0,"Height":0,"IsAbsoluteFireArm":0,"AbsoluteFireDistance":0,"ShakeEffects":[],"TargetBranchId":0,"PlayWithCutIn":0}}],"TargetActionIsReflexive":0,"TargetActionIndex":0,"TargetActionId":300404303,"FireActionId":300404303,"TargetMotionIndex":0,"EffectBehavior":1,"EffectTarget":0,"TargetBone":2,"FireArmEndTarget":2,"FireArmEndTargetBone":0,"TrackType":2,"TrackDimension":0,"TargetBoneName":"","TrackRotation":0,"DestroyOnEnemyDead":0,"CenterY":0,"DeltaY":0,"TrackTarget":0,"Height":0.6,"IsAbsoluteFireArm":0,"AbsoluteFireDistance":0,"ShakeEffects":[],"TargetBranchId":0,"PlayWithCutIn":0}}],"ShakeEffects":[{"data":{"ShakeType":0,"StartTime":2.3000000000000003,"Duration":0.3,"TargetMotion":0,"StartAmplitude":0.15,"EndAmplitude":0.1,"StartFrequency":15,"EndFrequency":10,"Rotation":90}}],"BlurEffects":[],"ZoomEffect":{"Enable":1,"ConsiderScreenSize":1,"StartDelay":0,"StartDuration":0.15,"Duration":1.55,"EndDuration":0.1,"To":0.9,"ZoomTarget":0,"OffsetY":0,"OffsetX":0,"UseYBottom":0,"ZoomEffectList":[],"StartEasingType":2,"EndEasingType":2,"BoneName":""},"SlowEffect":{"Enable":0,"StartDelay":0,"StartDuration":0,"Duration":1.55,"EndDuration":0.1,"To":0.9},"ForcePlayNoTarget":0,"ParameterTarget":0,"ChangeSortDatas":[],"ScaleChangers":[],"DisableOtherCharaOnStart":0,"BlackOutTime":0,"BlackoutEndWithMotion":0,"ForceComboDamage":0,"BlackoutColor":{"r":0,"g":0,"b":0,"a":0.9607843},"CutInMovieFadeStartTime":1.9,"CutInMovieFadeDurationTime":0.1,"CutInSkipTime":0,"ForceCutinOff":0,"SkillMotionType":0,"TrackDamageNum":1,"PauseStopState":0,"BranchIds":[{"data":0}],"SpeedUpWithCutinVoice":{"Voice1List":[],"Voice2List":[]},"SpeedUpNoCutinVoice":{"Voice1List":[],"Voice2List":[]},"NormalWithCutinVoice":{"Voice1List":[],"Voice2List":[]},"NormalNoCutinVoice":{"Voice1List":[],"Voice2List":[]}}},{"data":{"IsPrincessForm":0,"PrincessSkillMovieDataList":[],"ActionParametersOnPrefab":[{"data":{"Visible":1,"ActionType":1,"Details":[{"data":{"Visible":1,"ExecTimeForPrefab":[{"data":{"Time":0,"DamageNumType":0,"Weight":1,"DamageNumScale":1}}],"ExecTimeCombo":[],"ActionId":300404402,"ActionEffectList":[]}},{"data":{"Visible":0,"ExecTimeForPrefab":[],"ExecTimeCombo":[],"ActionId":0,"ActionEffectList":[]}}],"KnockAnimationCurve":{"m_Curve":[],"m_PreInfinity":2,"m_PostInfinity":2,"m_RotationOrder":4},"KnockDownAnimationCurve":{"m_Curve":[],"m_PreInfinity":2,"m_PostInfinity":2,"m_RotationOrder":4},"EffectType":0}},{"data":{"Visible":0,"ActionType":7,"Details":[{"data":{"Visible":0,"ExecTimeForPrefab":[{"data":{"Time":0,"DamageNumType":0,"Weight":1,"DamageNumScale":1}}],"ExecTimeCombo":[],"ActionId":300400401,"ActionEffectList":[]}},{"data":{"Visible":0,"ExecTimeForPrefab":[],"ExecTimeCombo":[],"ActionId":0,"ActionEffectList":[]}}],"KnockAnimationCurve":{"m_Curve":[],"m_PreInfinity":2,"m_PostInfinity":2,"m_RotationOrder":4},"KnockDownAnimationCurve":{"m_Curve":[],"m_PreInfinity":2,"m_PostInfinity":2,"m_RotationOrder":4},"EffectType":0}},{"data":{"Visible":1,"ActionType":92,"Details":[{"data":{"Visible":1,"ExecTimeForPrefab":[{"data":{"Time":0,"DamageNumType":0,"Weight":1,"DamageNumScale":1}}],"ExecTimeCombo":[],"ActionId":300404401,"ActionEffectList":[]}},{"data":{"Visible":0,"ExecTimeForPrefab":[],"ExecTimeCombo":[],"ActionId":0,"ActionEffectList":[]}}],"KnockAnimationCurve":{"m_Curve":[],"m_PreInfinity":2,"m_PostInfinity":2,"m_RotationOrder":4},"KnockDownAnimationCurve":{"m_Curve":[],"m_PreInfinity":2,"m_PostInfinity":2,"m_RotationOrder":4},"EffectType":0}}],"SkillEffects":[{"data":{"Prefab":{"m_FileID":1,"m_PathID":-4693640592182515210},"PrefabLeft":{"m_FileID":1,"m_PathID":-4693640592182515210},"ExecTime":[{"data":0.62}],"IsReaction":0,"FireArmEndEffects":[],"TargetActionIsReflexive":0,"TargetActionIndex":0,"TargetActionId":0,"FireActionId":300404401,"TargetMotionIndex":0,"EffectBehavior":1,"EffectTarget":0,"TargetBone":2,"FireArmEndTarget":2,"FireArmEndTargetBone":3,"TrackType":2,"TrackDimension":0,"TargetBoneName":"","TrackRotation":0,"DestroyOnEnemyDead":0,"CenterY":0,"DeltaY":0,"TrackTarget":0,"Height":0,"IsAbsoluteFireArm":0,"AbsoluteFireDistance":0,"ShakeEffects":[],"TargetBranchId":0,"PlayWithCutIn":0}}],"ShakeEffects":[],"BlurEffects":[],"ZoomEffect":{"Enable":0,"ConsiderScreenSize":1,"StartDelay":0,"StartDuration":0,"Duration":0,"EndDuration":0,"To":0,"ZoomTarget":0,"OffsetY":0,"OffsetX":0,"UseYBottom":0,"ZoomEffectList":[],"StartEasingType":2,"EndEasingType":2,"BoneName":""},"SlowEffect":{"Enable":0,"StartDelay":0,"StartDuration":0,"Duration":0,"EndDuration":0,"To":0},"ForcePlayNoTarget":0,"ParameterTarget":0,"ChangeSortDatas":[],"ScaleChangers":[],"DisableOtherCharaOnStart":0,"BlackOutTime":0,"BlackoutEndWithMotion":0,"ForceComboDamage":0,"BlackoutColor":{"r":0,"g":0,"b":0,"a":0.9607843},"CutInMovieFadeStartTime":1.9,"CutInMovieFadeDurationTime":0.1,"CutInSkipTime":0,"ForceCutinOff":0,"SkillMotionType":2,"TrackDamageNum":0,"PauseStopState":0,"BranchIds":[{"data":0}],"SpeedUpWithCutinVoice":{"Voice1List":[],"Voice2List":[]},"SpeedUpNoCutinVoice":{"Voice1List":[],"Voice2List":[]},"NormalWithCutinVoice":{"Voice1List":[],"Voice2List":[]},"NormalNoCutinVoice":{"Voice1List":[],"Voice2List":[]}}},{"data":{"IsPrincessForm":0,"PrincessSkillMovieDataList":[],"ActionParametersOnPrefab":[{"data":{"Visible":0,"ActionType":17,"Details":[{"data":{"Visible":0,"ExecTimeForPrefab":[{"data":{"Time":0,"DamageNumType":0,"Weight":1,"DamageNumScale":1}}],"ExecTimeCombo":[],"ActionId":300400501,"ActionEffectList":[]}},{"data":{"Visible":0,"ExecTimeForPrefab":[],"ExecTimeCombo":[],"ActionId":0,"ActionEffectList":[]}}],"KnockAnimationCurve":{"m_Curve":[],"m_PreInfinity":2,"m_PostInfinity":2,"m_RotationOrder":4},"KnockDownAnimationCurve":{"m_Curve":[],"m_PreInfinity":2,"m_PostInfinity":2,"m_RotationOrder":4},"EffectType":0}},{"data":{"Visible":0,"ActionType":22,"Details":[{"data":{"Visible":0,"ExecTimeForPrefab":[{"data":{"Time":0,"DamageNumType":0,"Weight":1,"DamageNumScale":1}}],"ExecTimeCombo":[],"ActionId":300400502,"ActionEffectList":[]}},{"data":{"Visible":0,"ExecTimeForPrefab":[{"data":{"Time":0,"DamageNumType":0,"Weight":1,"DamageNumScale":1}}],"ExecTimeCombo":[],"ActionId":300400503,"ActionEffectList":[]}},{"data":{"Visible":0,"ExecTimeForPrefab":[],"ExecTimeCombo":[],"ActionId":0,"ActionEffectList":[]}}],"KnockAnimationCurve":{"m_Curve":[],"m_PreInfinity":2,"m_PostInfinity":2,"m_RotationOrder":4},"KnockDownAnimationCurve":{"m_Curve":[],"m_PreInfinity":2,"m_PostInfinity":2,"m_RotationOrder":4},"EffectType":0}},{"data":{"Visible":1,"ActionType":1,"Details":[{"data":{"Visible":1,"ExecTimeForPrefab":[{"data":{"Time":3.8,"DamageNumType":0,"Weight":1,"DamageNumScale":1}}],"ExecTimeCombo":[],"ActionId":300404502,"ActionEffectList":[]}},{"data":{"Visible":0,"ExecTimeForPrefab":[{"data":{"Time":3.8,"DamageNumType":0,"Weight":1,"DamageNumScale":1}}],"ExecTimeCombo":[],"ActionId":300403504,"ActionEffectList":[]}},{"data":{"Visible":0,"ExecTimeForPrefab":[],"ExecTimeCombo":[],"ActionId":0,"ActionEffectList":[]}}],"KnockAnimationCurve":{"m_Curve":[],"m_PreInfinity":2,"m_PostInfinity":2,"m_RotationOrder":4},"KnockDownAnimationCurve":{"m_Curve":[],"m_PreInfinity":2,"m_PostInfinity":2,"m_RotationOrder":4},"EffectType":0}},{"data":{"Visible":0,"ActionType":28,"Details":[{"data":{"Visible":0,"ExecTimeForPrefab":[{"data":{"Time":3,"DamageNumType":0,"Weight":1,"DamageNumScale":1}}],"ExecTimeCombo":[],"ActionId":300404501,"ActionEffectList":[]}},{"data":{"Visible":0,"ExecTimeForPrefab":[],"ExecTimeCombo":[],"ActionId":0,"ActionEffectList":[]}}],"KnockAnimationCurve":{"m_Curve":[],"m_PreInfinity":2,"m_PostInfinity":2,"m_RotationOrder":4},"KnockDownAnimationCurve":{"m_Curve":[],"m_PreInfinity":2,"m_PostInfinity":2,"m_RotationOrder":4},"EffectType":0}},{"data":{"Visible":1,"ActionType":13,"Details":[{"data":{"Visible":1,"ExecTimeForPrefab":[{"data":{"Time":4,"DamageNumType":0,"Weight":1,"DamageNumScale":1}}],"ExecTimeCombo":[],"ActionId":300404504,"ActionEffectList":[]}},{"data":{"Visible":0,"ExecTimeForPrefab":[{"data":{"Time":3.8,"DamageNumType":0,"Weight":1,"DamageNumScale":1}}],"ExecTimeCombo":[],"ActionId":300404505,"ActionEffectList":[]}},{"data":{"Visible":0,"ExecTimeForPrefab":[],"ExecTimeCombo":[],"ActionId":0,"ActionEffectList":[]}}],"KnockAnimationCurve":{"m_Curve":[],"m_PreInfinity":2,"m_PostInfinity":2,"m_RotationOrder":4},"KnockDownAnimationCurve":{"m_Curve":[],"m_PreInfinity":2,"m_PostInfinity":2,"m_RotationOrder":4},"EffectType":0}},{"data":{"Visible":0,"ActionType":49,"Details":[{"data":{"Visible":0,"ExecTimeForPrefab":[{"data":{"Time":4,"DamageNumType":0,"Weight":1,"DamageNumScale":1}}],"ExecTimeCombo":[],"ActionId":300404504,"ActionEffectList":[]}},{"data":{"Visible":0,"ExecTimeForPrefab":[],"ExecTimeCombo":[],"ActionId":0,"ActionEffectList":[]}}],"KnockAnimationCurve":{"m_Curve":[],"m_PreInfinity":2,"m_PostInfinity":2,"m_RotationOrder":4},"KnockDownAnimationCurve":{"m_Curve":[],"m_PreInfinity":2,"m_PostInfinity":2,"m_RotationOrder":4},"EffectType":0}},{"data":{"Visible":0,"ActionType":10,"Details":[{"data":{"Visible":0,"ExecTimeForPrefab":[{"data":{"Time":3.8,"DamageNumType":0,"Weight":1,"DamageNumScale":1}}],"ExecTimeCombo":[],"ActionId":300404506,"ActionEffectList":[]}},{"data":{"Visible":0,"ExecTimeForPrefab":[{"data":{"Time":3.8,"DamageNumType":0,"Weight":1,"DamageNumScale":1}}],"ExecTimeCombo":[],"ActionId":300404507,"ActionEffectList":[]}},{"data":{"Visible":0,"ExecTimeForPrefab":[],"ExecTimeCombo":[],"ActionId":0,"ActionEffectList":[]}}],"KnockAnimationCurve":{"m_Curve":[],"m_PreInfinity":2,"m_PostInfinity":2,"m_RotationOrder":4},"KnockDownAnimationCurve":{"m_Curve":[],"m_PreInfinity":2,"m_PostInfinity":2,"m_RotationOrder":4},"EffectType":0}},{"data":{"Visible":1,"ActionType":23,"Details":[{"data":{"Visible":1,"ExecTimeForPrefab":[{"data":{"Time":3.9000000000000004,"DamageNumType":0,"Weight":1,"DamageNumScale":1}}],"ExecTimeCombo":[],"ActionId":300404503,"ActionEffectList":[]}},{"data":{"Visible":0,"ExecTimeForPrefab":[],"ExecTimeCombo":[],"ActionId":0,"ActionEffectList":[]}}],"KnockAnimationCurve":{"m_Curve":[],"m_PreInfinity":2,"m_PostInfinity":2,"m_RotationOrder":4},"KnockDownAnimationCurve":{"m_Curve":[],"m_PreInfinity":2,"m_PostInfinity":2,"m_RotationOrder":4},"EffectType":0}},{"data":{"Visible":1,"ActionType":92,"Details":[{"data":{"Visible":1,"ExecTimeForPrefab":[{"data":{"Time":0,"DamageNumType":0,"Weight":1,"DamageNumScale":1}}],"ExecTimeCombo":[],"ActionId":300404501,"ActionEffectList":[]}},{"data":{"Visible":0,"ExecTimeForPrefab":[],"ExecTimeCombo":[],"ActionId":0,"ActionEffectList":[]}}],"KnockAnimationCurve":{"m_Curve":[],"m_PreInfinity":2,"m_PostInfinity":2,"m_RotationOrder":4},"KnockDownAnimationCurve":{"m_Curve":[],"m_PreInfinity":2,"m_PostInfinity":2,"m_RotationOrder":4},"EffectType":0}},{"data":{"Visible":1,"ActionType":8,"Details":[{"data":{"Visible":1,"ExecTimeForPrefab":[{"data":{"Time":0,"DamageNumType":0,"Weight":1,"DamageNumScale":1}}],"ExecTimeCombo":[],"ActionId":300404505,"ActionEffectList":[]}},{"data":{"Visible":0,"ExecTimeForPrefab":[],"ExecTimeCombo":[],"ActionId":0,"ActionEffectList":[]}}],"KnockAnimationCurve":{"m_Curve":[],"m_PreInfinity":2,"m_PostInfinity":2,"m_RotationOrder":4},"KnockDownAnimationCurve":{"m_Curve":[],"m_PreInfinity":2,"m_PostInfinity":2,"m_RotationOrder":4},"EffectType":0}}],"SkillEffects":[{"data":{"Prefab":{"m_FileID":1,"m_PathID":154621145732108588},"PrefabLeft":{"m_FileID":1,"m_PathID":154621145732108588},"ExecTime":[{"data":0.4}],"IsReaction":0,"FireArmEndEffects":[],"TargetActionIsReflexive":0,"TargetActionIndex":0,"TargetActionId":0,"FireActionId":-1,"TargetMotionIndex":0,"EffectBehavior":0,"EffectTarget":0,"TargetBone":4,"FireArmEndTarget":1,"FireArmEndTargetBone":0,"TrackType":0,"TrackDimension":0,"TargetBoneName":"handB","TrackRotation":0,"DestroyOnEnemyDead":0,"CenterY":0,"DeltaY":0,"TrackTarget":0,"Height":0,"IsAbsoluteFireArm":0,"AbsoluteFireDistance":0,"ShakeEffects":[],"TargetBranchId":0,"PlayWithCutIn":0}},{"data":{"Prefab":{"m_FileID":1,"m_PathID":-4523917654680544176},"PrefabLeft":{"m_FileID":1,"m_PathID":-4523917654680544176},"ExecTime":[{"data":0.4}],"IsReaction":0,"FireArmEndEffects":[],"TargetActionIsReflexive":0,"TargetActionIndex":0,"TargetActionId":0,"FireActionId":-1,"TargetMotionIndex":0,"EffectBehavior":0,"EffectTarget":0,"TargetBone":4,"FireArmEndTarget":1,"FireArmEndTargetBone":0,"TrackType":0,"TrackDimension":0,"TargetBoneName":"handF","TrackRotation":0,"DestroyOnEnemyDead":0,"CenterY":0,"DeltaY":0,"TrackTarget":0,"Height":0,"IsAbsoluteFireArm":0,"AbsoluteFireDistance":0,"ShakeEffects":[],"TargetBranchId":0,"PlayWithCutIn":0}},{"data":{"Prefab":{"m_FileID":1,"m_PathID":-9126362359251540740},"PrefabLeft":{"m_FileID":1,"m_PathID":-9126362359251540740},"ExecTime":[{"data":0.4}],"IsReaction":0,"FireArmEndEffects":[],"TargetActionIsReflexive":0,"TargetActionIndex":0,"TargetActionId":0,"FireActionId":-1,"TargetMotionIndex":0,"EffectBehavior":0,"EffectTarget":0,"TargetBone":4,"FireArmEndTarget":1,"FireArmEndTargetBone":0,"TrackType":0,"TrackDimension":0,"TargetBoneName":"AuraBone","TrackRotation":0,"DestroyOnEnemyDead":0,"CenterY":0,"DeltaY":0,"TrackTarget":0,"Height":0,"IsAbsoluteFireArm":0,"AbsoluteFireDistance":0,"ShakeEffects":[],"TargetBranchId":0,"PlayWithCutIn":0}},{"data":{"Prefab":{"m_FileID":1,"m_PathID":6456830790748120299},"PrefabLeft":{"m_FileID":1,"m_PathID":6456830790748120299},"ExecTime":[{"data":1.3}],"IsReaction":0,"FireArmEndEffects":[],"TargetActionIsReflexive":0,"TargetActionIndex":0,"TargetActionId":0,"FireActionId":-1,"TargetMotionIndex":0,"EffectBehavior":0,"EffectTarget":0,"TargetBone":0,"FireArmEndTarget":1,"FireArmEndTargetBone":0,"TrackType":0,"TrackDimension":0,"TargetBoneName":"","TrackRotation":0,"DestroyOnEnemyDead":0,"CenterY":0,"DeltaY":0,"TrackTarget":0,"Height":0,"IsAbsoluteFireArm":0,"AbsoluteFireDistance":0,"ShakeEffects":[],"TargetBranchId":0,"PlayWithCutIn":0}},{"data":{"Prefab":{"m_FileID":1,"m_PathID":-7216035991336625288},"PrefabLeft":{"m_FileID":1,"m_PathID":-7216035991336625288},"ExecTime":[{"data":1.9}],"IsReaction":0,"FireArmEndEffects":[],"TargetActionIsReflexive":0,"TargetActionIndex":0,"TargetActionId":0,"FireActionId":-1,"TargetMotionIndex":0,"EffectBehavior":0,"EffectTarget":0,"TargetBone":4,"FireArmEndTarget":1,"FireArmEndTargetBone":0,"TrackType":0,"TrackDimension":0,"TargetBoneName":"ef1","TrackRotation":0,"DestroyOnEnemyDead":0,"CenterY":0,"DeltaY":0,"TrackTarget":0,"Height":0,"IsAbsoluteFireArm":0,"AbsoluteFireDistance":0,"ShakeEffects":[],"TargetBranchId":0,"PlayWithCutIn":0}},{"data":{"Prefab":{"m_FileID":1,"m_PathID":-7216035991336625288},"PrefabLeft":{"m_FileID":1,"m_PathID":-7216035991336625288},"ExecTime":[{"data":1.9500000000000002}],"IsReaction":0,"FireArmEndEffects":[],"TargetActionIsReflexive":0,"TargetActionIndex":0,"TargetActionId":0,"FireActionId":-1,"TargetMotionIndex":0,"EffectBehavior":0,"EffectTarget":0,"TargetBone":4,"FireArmEndTarget":1,"FireArmEndTargetBone":0,"TrackType":0,"TrackDimension":0,"TargetBoneName":"ef2","TrackRotation":0,"DestroyOnEnemyDead":0,"CenterY":0,"DeltaY":0,"TrackTarget":0,"Height":0,"IsAbsoluteFireArm":0,"AbsoluteFireDistance":0,"ShakeEffects":[],"TargetBranchId":0,"PlayWithCutIn":0}},{"data":{"Prefab":{"m_FileID":1,"m_PathID":-7216035991336625288},"PrefabLeft":{"m_FileID":1,"m_PathID":-7216035991336625288},"ExecTime":[{"data":2}],"IsReaction":0,"FireArmEndEffects":[],"TargetActionIsReflexive":0,"TargetActionIndex":0,"TargetActionId":0,"FireActionId":-1,"TargetMotionIndex":0,"EffectBehavior":0,"EffectTarget":0,"TargetBone":4,"FireArmEndTarget":1,"FireArmEndTargetBone":0,"TrackType":0,"TrackDimension":0,"TargetBoneName":"ef3","TrackRotation":0,"DestroyOnEnemyDead":0,"CenterY":0,"DeltaY":0,"TrackTarget":0,"Height":0,"IsAbsoluteFireArm":0,"AbsoluteFireDistance":0,"ShakeEffects":[],"TargetBranchId":0,"PlayWithCutIn":0}},{"data":{"Prefab":{"m_FileID":1,"m_PathID":-7216035991336625288},"PrefabLeft":{"m_FileID":1,"m_PathID":-7216035991336625288},"ExecTime":[{"data":2.05}],"IsReaction":0,"FireArmEndEffects":[],"TargetActionIsReflexive":0,"TargetActionIndex":0,"TargetActionId":0,"FireActionId":-1,"TargetMotionIndex":0,"EffectBehavior":0,"EffectTarget":0,"TargetBone":4,"FireArmEndTarget":1,"FireArmEndTargetBone":0,"TrackType":0,"TrackDimension":0,"TargetBoneName":"ef4","TrackRotation":0,"DestroyOnEnemyDead":0,"CenterY":0,"DeltaY":0,"TrackTarget":0,"Height":0,"IsAbsoluteFireArm":0,"AbsoluteFireDistance":0,"ShakeEffects":[],"TargetBranchId":0,"PlayWithCutIn":0}},{"data":{"Prefab":{"m_FileID":1,"m_PathID":-7216035991336625288},"PrefabLeft":{"m_FileID":1,"m_PathID":-7216035991336625288},"ExecTime":[{"data":2.1}],"IsReaction":0,"FireArmEndEffects":[],"TargetActionIsReflexive":0,"TargetActionIndex":0,"TargetActionId":0,"FireActionId":-1,"TargetMotionIndex":0,"EffectBehavior":0,"EffectTarget":0,"TargetBone":4,"FireArmEndTarget":1,"FireArmEndTargetBone":0,"TrackType":0,"TrackDimension":0,"TargetBoneName":"ef5","TrackRotation":0,"DestroyOnEnemyDead":0,"CenterY":0,"DeltaY":0,"TrackTarget":0,"Height":0,"IsAbsoluteFireArm":0,"AbsoluteFireDistance":0,"ShakeEffects":[],"TargetBranchId":0,"PlayWithCutIn":0}},{"data":{"Prefab":{"m_FileID":1,"m_PathID":8584629416145415138},"PrefabLeft":{"m_FileID":1,"m_PathID":8584629416145415138},"ExecTime":[{"data":3.25}],"IsReaction":0,"FireArmEndEffects":[],"TargetActionIsReflexive":0,"TargetActionIndex":0,"TargetActionId":0,"FireActionId":-1,"TargetMotionIndex":0,"EffectBehavior":0,"EffectTarget":0,"TargetBone":4,"FireArmEndTarget":1,"FireArmEndTargetBone":0,"TrackType":0,"TrackDimension":0,"TargetBoneName":"head","TrackRotation":0,"DestroyOnEnemyDead":0,"CenterY":0,"DeltaY":0,"TrackTarget":0,"Height":0,"IsAbsoluteFireArm":0,"AbsoluteFireDistance":0,"ShakeEffects":[],"TargetBranchId":0,"PlayWithCutIn":0}},{"data":{"Prefab":{"m_FileID":1,"m_PathID":-6312417687485226730},"PrefabLeft":{"m_FileID":1,"m_PathID":-6312417687485226730},"ExecTime":[{"data":1.5}],"IsReaction":0,"FireArmEndEffects":[],"TargetActionIsReflexive":0,"TargetActionIndex":0,"TargetActionId":300404501,"FireActionId":-1,"TargetMotionIndex":0,"EffectBehavior":0,"EffectTarget":1,"TargetBone":0,"FireArmEndTarget":1,"FireArmEndTargetBone":0,"TrackType":0,"TrackDimension":0,"TargetBoneName":"","TrackRotation":0,"DestroyOnEnemyDead":0,"CenterY":0,"DeltaY":0,"TrackTarget":0,"Height":0,"IsAbsoluteFireArm":0,"AbsoluteFireDistance":0,"ShakeEffects":[],"TargetBranchId":0,"PlayWithCutIn":0}},{"data":{"Prefab":{"m_FileID":1,"m_PathID":6293324902798490534},"PrefabLeft":{"m_FileID":1,"m_PathID":6293324902798490534},"ExecTime":[{"data":3.7}],"IsReaction":0,"FireArmEndEffects":[],"TargetActionIsReflexive":0,"TargetActionIndex":0,"TargetActionId":300404501,"FireActionId":-1,"TargetMotionIndex":0,"EffectBehavior":0,"EffectTarget":0,"TargetBone":2,"FireArmEndTarget":1,"FireArmEndTargetBone":0,"TrackType":0,"TrackDimension":0,"TargetBoneName":"","TrackRotation":0,"DestroyOnEnemyDead":0,"CenterY":0,"DeltaY":0,"TrackTarget":0,"Height":0,"IsAbsoluteFireArm":0,"AbsoluteFireDistance":0,"ShakeEffects":[],"TargetBranchId":0,"PlayWithCutIn":0}},{"data":{"Prefab":{"m_FileID":1,"m_PathID":-3972666044157824692},"PrefabLeft":{"m_FileID":1,"m_PathID":-3972666044157824692},"ExecTime":[{"data":1.5}],"IsReaction":0,"FireArmEndEffects":[],"TargetActionIsReflexive":0,"TargetActionIndex":0,"TargetActionId":300404501,"FireActionId":-1,"TargetMotionIndex":0,"EffectBehavior":0,"EffectTarget":0,"TargetBone":2,"FireArmEndTarget":1,"FireArmEndTargetBone":0,"TrackType":0,"TrackDimension":0,"TargetBoneName":"","TrackRotation":0,"DestroyOnEnemyDead":0,"CenterY":0,"DeltaY":0,"TrackTarget":0,"Height":0,"IsAbsoluteFireArm":0,"AbsoluteFireDistance":0,"ShakeEffects":[],"TargetBranchId":0,"PlayWithCutIn":0}},{"data":{"Prefab":{"m_FileID":1,"m_PathID":-8993275324648492304},"PrefabLeft":{"m_FileID":1,"m_PathID":-8993275324648492304},"ExecTime":[{"data":3.8}],"IsReaction":0,"FireArmEndEffects":[],"TargetActionIsReflexive":0,"TargetActionIndex":0,"TargetActionId":300404501,"FireActionId":-1,"TargetMotionIndex":0,"EffectBehavior":0,"EffectTarget":1,"TargetBone":0,"FireArmEndTarget":1,"FireArmEndTargetBone":0,"TrackType":0,"TrackDimension":0,"TargetBoneName":"","TrackRotation":0,"DestroyOnEnemyDead":0,"CenterY":0,"DeltaY":0,"TrackTarget":0,"Height":0,"IsAbsoluteFireArm":0,"AbsoluteFireDistance":0,"ShakeEffects":[],"TargetBranchId":0,"PlayWithCutIn":0}}],"ShakeEffects":[{"data":{"ShakeType":0,"StartTime":1.5,"Duration":2.3000000000000003,"TargetMotion":0,"StartAmplitude":0,"EndAmplitude":0.01,"StartFrequency":10,"EndFrequency":10,"Rotation":90}},{"data":{"ShakeType":0,"StartTime":3.8,"Duration":0.5,"TargetMotion":0,"StartAmplitude":0.1,"EndAmplitude":0.05,"StartFrequency":10,"EndFrequency":10,"Rotation":90}}],"BlurEffects":[],"ZoomEffect":{"Enable":1,"ConsiderScreenSize":1,"StartDelay":0,"StartDuration":0.15,"Duration":3.65,"EndDuration":0.1,"To":0.9,"ZoomTarget":0,"OffsetY":0,"OffsetX":0,"UseYBottom":0,"ZoomEffectList":[],"StartEasingType":2,"EndEasingType":2,"BoneName":""},"SlowEffect":{"Enable":0,"StartDelay":0,"StartDuration":0,"Duration":0,"EndDuration":0,"To":0},"ForcePlayNoTarget":0,"ParameterTarget":0,"ChangeSortDatas":[],"ScaleChangers":[],"DisableOtherCharaOnStart":0,"BlackOutTime":0,"BlackoutEndWithMotion":0,"ForceComboDamage":0,"BlackoutColor":{"r":0,"g":0,"b":0,"a":0.7058824},"CutInMovieFadeStartTime":1.9,"CutInMovieFadeDurationTime":0.1,"CutInSkipTime":0,"ForceCutinOff":0,"SkillMotionType":0,"TrackDamageNum":0,"PauseStopState":0,"BranchIds":[{"data":1},{"data":2},{"data":0}],"SpeedUpWithCutinVoice":{"Voice1List":[],"Voice2List":[]},"SpeedUpNoCutinVoice":{"Voice1List":[],"Voice2List":[]},"NormalWithCutinVoice":{"Voice1List":[],"Voice2List":[]},"NormalNoCutinVoice":{"Voice1List":[],"Voice2List":[]}}},{"data":{"IsPrincessForm":0,"PrincessSkillMovieDataList":[],"ActionParametersOnPrefab":[{"data":{"Visible":1,"ActionType":17,"Details":[{"data":{"Visible":1,"ExecTimeForPrefab":[{"data":{"Time":0,"DamageNumType":0,"Weight":1,"DamageNumScale":1}}],"ExecTimeCombo":[],"ActionId":300404601,"ActionEffectList":[]}},{"data":{"Visible":0,"ExecTimeForPrefab":[],"ExecTimeCombo":[],"ActionId":0,"ActionEffectList":[]}}],"KnockAnimationCurve":{"m_Curve":[],"m_PreInfinity":2,"m_PostInfinity":2,"m_RotationOrder":4},"KnockDownAnimationCurve":{"m_Curve":[],"m_PreInfinity":2,"m_PostInfinity":2,"m_RotationOrder":4},"EffectType":0}},{"data":{"Visible":1,"ActionType":73,"Details":[{"data":{"Visible":1,"ExecTimeForPrefab":[{"data":{"Time":0,"DamageNumType":0,"Weight":1,"DamageNumScale":1}}],"ExecTimeCombo":[],"ActionId":300404602,"ActionEffectList":[]}},{"data":{"Visible":0,"ExecTimeForPrefab":[],"ExecTimeCombo":[],"ActionId":0,"ActionEffectList":[]}}],"KnockAnimationCurve":{"m_Curve":[],"m_PreInfinity":2,"m_PostInfinity":2,"m_RotationOrder":4},"KnockDownAnimationCurve":{"m_Curve":[],"m_PreInfinity":2,"m_PostInfinity":2,"m_RotationOrder":4},"EffectType":0}},{"data":{"Visible":1,"ActionType":10,"Details":[{"data":{"Visible":1,"ExecTimeForPrefab":[{"data":{"Time":0,"DamageNumType":0,"Weight":1,"DamageNumScale":1}}],"ExecTimeCombo":[],"ActionId":300404603,"ActionEffectList":[]}},{"data":{"Visible":1,"ExecTimeForPrefab":[{"data":{"Time":0,"DamageNumType":0,"Weight":1,"DamageNumScale":1}}],"ExecTimeCombo":[],"ActionId":300404604,"ActionEffectList":[]}},{"data":{"Visible":0,"ExecTimeForPrefab":[],"ExecTimeCombo":[],"ActionId":0,"ActionEffectList":[]}}],"KnockAnimationCurve":{"m_Curve":[],"m_PreInfinity":2,"m_PostInfinity":2,"m_RotationOrder":4},"KnockDownAnimationCurve":{"m_Curve":[],"m_PreInfinity":2,"m_PostInfinity":2,"m_RotationOrder":4},"EffectType":0}}],"SkillEffects":[],"ShakeEffects":[],"BlurEffects":[],"ZoomEffect":{"Enable":0,"ConsiderScreenSize":1,"StartDelay":0,"StartDuration":0.15,"Duration":1.55,"EndDuration":0.1,"To":0.9,"ZoomTarget":0,"OffsetY":0,"OffsetX":0,"UseYBottom":0,"ZoomEffectList":[],"StartEasingType":2,"EndEasingType":2,"BoneName":""},"SlowEffect":{"Enable":0,"StartDelay":0,"StartDuration":0,"Duration":1.55,"EndDuration":0.1,"To":0.9},"ForcePlayNoTarget":0,"ParameterTarget":0,"ChangeSortDatas":[],"ScaleChangers":[],"DisableOtherCharaOnStart":0,"BlackOutTime":0,"BlackoutEndWithMotion":0,"ForceComboDamage":0,"BlackoutColor":{"r":0,"g":0,"b":0,"a":0.9607843},"CutInMovieFadeStartTime":1.9,"CutInMovieFadeDurationTime":0.1,"CutInSkipTime":0,"ForceCutinOff":0,"SkillMotionType":3,"TrackDamageNum":1,"PauseStopState":0,"BranchIds":[],"SpeedUpWithCutinVoice":{"Voice1List":[],"Voice2List":[]},"SpeedUpNoCutinVoice":{"Voice1List":[],"Voice2List":[]},"NormalWithCutinVoice":{"Voice1List":[],"Voice2List":[]},"NormalNoCutinVoice":{"Voice1List":[],"Voice2List":[]}}}],"SpecialSkillList":[],"SpecialSkillEvolutionList":[],"UnionBurstEvolutionList":[],"MainSkillEvolutionList":[],"SubUnionBurstList":[],"Annihilation":{"IsPrincessForm":0,"PrincessSkillMovieDataList":[],"ActionParametersOnPrefab":[],"SkillEffects":[],"ShakeEffects":[],"BlurEffects":[],"ZoomEffect":{"Enable":0,"ConsiderScreenSize":1,"StartDelay":0,"StartDuration":0.15,"Duration":1.55,"EndDuration":0.1,"To":0.9,"ZoomTarget":0,"OffsetY":0,"OffsetX":0,"UseYBottom":0,"ZoomEffectList":[],"StartEasingType":2,"EndEasingType":2,"BoneName":""},"SlowEffect":{"Enable":0,"StartDelay":0,"StartDuration":0,"Duration":1.55,"EndDuration":0.1,"To":0.9},"ForcePlayNoTarget":0,"ParameterTarget":0,"ChangeSortDatas":[],"ScaleChangers":[],"DisableOtherCharaOnStart":0,"BlackOutTime":0,"BlackoutEndWithMotion":0,"ForceComboDamage":0,"BlackoutColor":{"r":0,"g":0,"b":0,"a":0.9607843},"CutInMovieFadeStartTime":1.9,"CutInMovieFadeDurationTime":0.1,"CutInSkipTime":0,"ForceCutinOff":0,"SkillMotionType":0,"TrackDamageNum":1,"PauseStopState":0,"BranchIds":[],"SpeedUpWithCutinVoice":{"Voice1List":[],"Voice2List":[]},"SpeedUpNoCutinVoice":{"Voice1List":[],"Voice2List":[]},"NormalWithCutinVoice":{"Voice1List":[],"Voice2List":[]},"NormalNoCutinVoice":{"Voice1List":[],"Voice2List":[]}}}